2026-04-30T14:43:18.329Z | INFO     | uvicorn.error:62 - Application startup complete.
2026-04-30T14:43:25.712Z | INFO     | uvicorn.error:264 - Shutting down
2026-04-30T14:43:25.818Z | INFO     | uvicorn.error:67 - Waiting for application shutdown.
2026-04-30T14:43:25.822Z | INFO     | uvicorn.error:76 - Application shutdown complete.
2026-04-30T14:43:25.825Z | INFO     | uvicorn.error:94 - Finished server process [84693]
2026-04-30T14:43:26.377Z | INFO     | uvicorn.error:62 - Application startup complete.
2026-04-30T14:43:29.005Z | INFO     | uvicorn.error:264 - Shutting down
2026-04-30T14:43:29.109Z | INFO     | uvicorn.error:67 - Waiting for application shutdown.
2026-04-30T14:43:29.113Z | INFO     | uvicorn.error:76 - Application shutdown complete.
2026-04-30T14:43:29.114Z | INFO     | uvicorn.error:94 - Finished server process [84721]
2026-04-30T14:43:29.643Z | ERROR    | uvicorn.error:121 - Traceback (most recent call last):
  File "/opt/homebrew/Cellar/python@3.13/3.13.7/Frameworks/Python.framework/Versions/3.13/lib/python3.13/logging/config.py", line 895, in add_handlers
    logger.addHandler(self.config['handlers'][h])
                      ~~~~~~~~~~~~~~~~~~~~~~~^^^
  File "/opt/homebrew/Cellar/python@3.13/3.13.7/Frameworks/Python.framework/Versions/3.13/lib/python3.13/logging/config.py", line 341, in __getitem__
    value = dict.__getitem__(self, key)
KeyError: 'rotating'

The above exception was the direct cause of the following exception:

Traceback (most recent call last):
  File "/opt/homebrew/Cellar/python@3.13/3.13.7/Frameworks/Python.framework/Versions/3.13/lib/python3.13/logging/config.py", line 658, in configure
    self.configure_logger(name, loggers[name])
    ~~~~~~~~~~~~~~~~~~~~~^^^^^^^^^^^^^^^^^^^^^
  File "/opt/homebrew/Cellar/python@3.13/3.13.7/Frameworks/Python.framework/Versions/3.13/lib/python3.13/logging/config.py", line 920, in configure_logger
    self.common_logger_config(logger, config, incremental)
    ~~~~~~~~~~~~~~~~~~~~~~~~~^^^^^^^^^^^^^^^^^^^^^^^^^^^^^
  File "/opt/homebrew/Cellar/python@3.13/3.13.7/Frameworks/Python.framework/Versions/3.13/lib/python3.13/logging/config.py", line 912, in common_logger_config
    self.add_handlers(logger, handlers)
    ~~~~~~~~~~~~~~~~~^^^^^^^^^^^^^^^^^^
  File "/opt/homebrew/Cellar/python@3.13/3.13.7/Frameworks/Python.framework/Versions/3.13/lib/python3.13/logging/config.py", line 897, in add_handlers
    raise ValueError('Unable to add handler %r' % h) from e
ValueError: Unable to add handler 'rotating'

The above exception was the direct cause of the following exception:

Traceback (most recent call last):
  File "/Users/macbookair/pythonprojects/chatfastapi/env/lib/python3.13/site-packages/starlette/routing.py", line 694, in lifespan
    async with self.lifespan_context(app) as maybe_state:
               ~~~~~~~~~~~~~~~~~~~~~^^^^^
  File "/opt/homebrew/Cellar/python@3.13/3.13.7/Frameworks/Python.framework/Versions/3.13/lib/python3.13/contextlib.py", line 214, in __aenter__
    return await anext(self.gen)
           ^^^^^^^^^^^^^^^^^^^^^
  File "/Users/macbookair/pythonprojects/chatfastapi/env/lib/python3.13/site-packages/fastapi/routing.py", line 153, in merged_lifespan
    async with original_context(app) as maybe_original_state:
               ~~~~~~~~~~~~~~~~^^^^^
  File "/opt/homebrew/Cellar/python@3.13/3.13.7/Frameworks/Python.framework/Versions/3.13/lib/python3.13/contextlib.py", line 214, in __aenter__
    return await anext(self.gen)
           ^^^^^^^^^^^^^^^^^^^^^
  File "/Users/macbookair/pythonprojects/chatfastapi/storeapi/main.py", line 15, in lifespan
    configure_logging()
    ~~~~~~~~~~~~~~~~~^^
  File "/Users/macbookair/pythonprojects/chatfastapi/storeapi/logging_conf.py", line 6, in configure_logging
    dictConfig(
    ~~~~~~~~~~^
        {
        ^
    ...<40 lines>...
        }
        ^
    )
    ^
  File "/opt/homebrew/Cellar/python@3.13/3.13.7/Frameworks/Python.framework/Versions/3.13/lib/python3.13/logging/config.py", line 935, in dictConfig
    dictConfigClass(config).configure()
    ~~~~~~~~~~~~~~~~~~~~~~~~~~~~~~~~~^^
  File "/opt/homebrew/Cellar/python@3.13/3.13.7/Frameworks/Python.framework/Versions/3.13/lib/python3.13/logging/config.py", line 660, in configure
    raise ValueError('Unable to configure logger '
                     '%r' % name) from e
ValueError: Unable to configure logger 'storeapi'

2026-04-30T14:43:29.658Z | ERROR    | uvicorn.error:59 - Application startup failed. Exiting.
2026-04-30T14:43:32.116Z | INFO     | storeapi.main:16 - Hello World
2026-04-30T14:43:32.121Z | INFO     | uvicorn.error:62 - Application startup complete.
2026-04-30T14:45:20.641Z | INFO     | uvicorn.error:264 - Shutting down
2026-04-30T14:45:20.750Z | INFO     | uvicorn.error:67 - Waiting for application shutdown.
2026-04-30T14:45:20.752Z | INFO     | uvicorn.error:76 - Application shutdown complete.
2026-04-30T14:45:20.754Z | INFO     | uvicorn.error:94 - Finished server process [84750]
2026-04-30T14:45:21.588Z | INFO     | storeapi.main:16 - Hello World
2026-04-30T14:45:21.594Z | INFO     | uvicorn.error:62 - Application startup complete.
2026-04-30T14:45:22.100Z | INFO     | uvicorn.error:264 - Shutting down
2026-04-30T14:45:22.205Z | INFO     | uvicorn.error:67 - Waiting for application shutdown.
2026-04-30T14:45:22.209Z | INFO     | uvicorn.error:76 - Application shutdown complete.
2026-04-30T14:45:22.210Z | INFO     | uvicorn.error:94 - Finished server process [85102]
2026-04-30T14:45:22.709Z | INFO     | storeapi.main:16 - Hello World
2026-04-30T14:45:22.714Z | INFO     | uvicorn.error:62 - Application startup complete.
2026-04-30T14:45:26.360Z | INFO     | uvicorn.error:264 - Shutting down
2026-04-30T14:45:26.466Z | INFO     | uvicorn.error:67 - Waiting for application shutdown.
2026-04-30T14:45:26.470Z | INFO     | uvicorn.error:76 - Application shutdown complete.
2026-04-30T14:45:26.472Z | INFO     | uvicorn.error:94 - Finished server process [85113]
2026-04-30T14:45:29.686Z | INFO     | storeapi.main:16 - Hello World
2026-04-30T14:45:29.691Z | INFO     | uvicorn.error:62 - Application startup complete.
2026-04-30T14:45:42.429Z | INFO     | uvicorn.error:264 - Shutting down
2026-04-30T14:45:42.536Z | INFO     | uvicorn.error:67 - Waiting for application shutdown.
2026-04-30T14:45:42.538Z | INFO     | uvicorn.error:76 - Application shutdown complete.
2026-04-30T14:45:42.538Z | INFO     | uvicorn.error:94 - Finished server process [85156]
2026-04-30T14:45:51.877Z | INFO     | storeapi.main:16 - Hello World
2026-04-30T14:45:51.883Z | INFO     | uvicorn.error:62 - Application startup complete.
2026-04-30T14:45:54.915Z | INFO     | uvicorn.error:264 - Shutting down
2026-04-30T14:45:55.019Z | INFO     | uvicorn.error:67 - Waiting for application shutdown.
2026-04-30T14:45:55.024Z | INFO     | uvicorn.error:76 - Application shutdown complete.
2026-04-30T14:45:55.026Z | INFO     | uvicorn.error:94 - Finished server process [85256]
2026-04-30T14:45:55.542Z | INFO     | storeapi.main:16 - Hello World
2026-04-30T14:45:55.547Z | INFO     | uvicorn.error:62 - Application startup complete.
2026-04-30T14:46:29.109Z | INFO     | uvicorn.error:264 - Shutting down
2026-04-30T14:46:29.219Z | INFO     | uvicorn.error:67 - Waiting for application shutdown.
2026-04-30T14:46:29.222Z | INFO     | uvicorn.error:76 - Application shutdown complete.
2026-04-30T14:46:29.223Z | INFO     | uvicorn.error:94 - Finished server process [85272]
2026-04-30T14:46:29.843Z | INFO     | storeapi.main:16 - Hello World
2026-04-30T14:46:29.848Z | INFO     | uvicorn.error:62 - Application startup complete.
2026-04-30T14:46:31.971Z | INFO     | uvicorn.error:264 - Shutting down
2026-04-30T14:46:32.075Z | INFO     | uvicorn.error:67 - Waiting for application shutdown.
2026-04-30T14:46:32.079Z | INFO     | uvicorn.error:76 - Application shutdown complete.
2026-04-30T14:46:32.081Z | INFO     | uvicorn.error:94 - Finished server process [85388]
2026-04-30T14:46:32.572Z | INFO     | storeapi.main:16 - Hello World
2026-04-30T14:46:32.577Z | INFO     | uvicorn.error:62 - Application startup complete.
2026-04-30T14:46:33.893Z | INFO     | uvicorn.error:264 - Shutting down
2026-04-30T14:46:33.998Z | INFO     | uvicorn.error:67 - Waiting for application shutdown.
2026-04-30T14:46:34.001Z | INFO     | uvicorn.error:76 - Application shutdown complete.
2026-04-30T14:46:34.003Z | INFO     | uvicorn.error:94 - Finished server process [85402]
2026-04-30T14:46:34.547Z | INFO     | storeapi.main:16 - Hello World
2026-04-30T14:46:34.551Z | INFO     | uvicorn.error:62 - Application startup complete.
2026-04-30T14:46:36.676Z | INFO     | uvicorn.error:264 - Shutting down
2026-04-30T14:46:36.782Z | INFO     | uvicorn.error:67 - Waiting for application shutdown.
2026-04-30T14:46:36.787Z | INFO     | uvicorn.error:76 - Application shutdown complete.
2026-04-30T14:46:36.789Z | INFO     | uvicorn.error:94 - Finished server process [85408]
2026-04-30T14:46:37.292Z | INFO     | storeapi.main:16 - Hello World
2026-04-30T14:46:37.297Z | INFO     | uvicorn.error:62 - Application startup complete.
2026-04-30T14:46:39.018Z | INFO     | uvicorn.error:264 - Shutting down
2026-04-30T14:46:39.123Z | INFO     | uvicorn.error:67 - Waiting for application shutdown.
2026-04-30T14:46:39.126Z | INFO     | uvicorn.error:76 - Application shutdown complete.
2026-04-30T14:46:39.127Z | INFO     | uvicorn.error:94 - Finished server process [85428]
2026-04-30T14:46:39.627Z | INFO     | storeapi.main:16 - Hello World
2026-04-30T14:46:39.632Z | INFO     | uvicorn.error:62 - Application startup complete.
2026-04-30T14:46:43.170Z | INFO     | uvicorn.error:264 - Shutting down
2026-04-30T14:46:43.275Z | INFO     | uvicorn.error:67 - Waiting for application shutdown.
2026-04-30T14:46:43.276Z | INFO     | uvicorn.error:76 - Application shutdown complete.
2026-04-30T14:46:43.277Z | INFO     | uvicorn.error:94 - Finished server process [85435]
2026-04-30T14:46:43.773Z | INFO     | storeapi.main:16 - Hello World
2026-04-30T14:46:43.778Z | INFO     | uvicorn.error:62 - Application startup complete.
2026-04-30T14:46:44.284Z | INFO     | uvicorn.error:264 - Shutting down
2026-04-30T14:46:44.389Z | INFO     | uvicorn.error:67 - Waiting for application shutdown.
2026-04-30T14:46:44.392Z | INFO     | uvicorn.error:76 - Application shutdown complete.
2026-04-30T14:46:44.394Z | INFO     | uvicorn.error:94 - Finished server process [85472]
2026-04-30T14:46:44.889Z | INFO     | storeapi.main:16 - Hello World
2026-04-30T14:46:44.896Z | INFO     | uvicorn.error:62 - Application startup complete.
2026-04-30T14:46:50.970Z | INFO     | uvicorn.error:264 - Shutting down
2026-04-30T14:46:51.079Z | INFO     | uvicorn.error:67 - Waiting for application shutdown.
2026-04-30T14:46:51.084Z | INFO     | uvicorn.error:76 - Application shutdown complete.
2026-04-30T14:46:51.087Z | INFO     | uvicorn.error:94 - Finished server process [85480]
2026-04-30T14:46:51.665Z | INFO     | storeapi.main:16 - Hello World
2026-04-30T14:46:51.671Z | INFO     | uvicorn.error:62 - Application startup complete.
2026-04-30T14:46:53.492Z | INFO     | uvicorn.error:264 - Shutting down
2026-04-30T14:46:53.597Z | INFO     | uvicorn.error:67 - Waiting for application shutdown.
2026-04-30T14:46:53.602Z | INFO     | uvicorn.error:76 - Application shutdown complete.
2026-04-30T14:46:53.604Z | INFO     | uvicorn.error:94 - Finished server process [85528]
2026-04-30T14:46:54.100Z | INFO     | storeapi.main:16 - Hello World
2026-04-30T14:46:54.105Z | INFO     | uvicorn.error:62 - Application startup complete.
2026-04-30T14:47:31.219Z | DEBUG    | storeapi.routers.post:27 - SELECT posts.id, posts.body 
FROM posts
2026-04-30T14:47:31.227Z | INFO     | uvicorn.access:483 - 127.0.0.1:62751 - "GET /post HTTP/1.1" 200
2026-04-30T14:52:05.544Z | INFO     | uvicorn.error:264 - Shutting down
2026-04-30T14:52:05.650Z | INFO     | uvicorn.error:67 - Waiting for application shutdown.
2026-04-30T14:52:05.654Z | INFO     | uvicorn.error:76 - Application shutdown complete.
2026-04-30T14:52:05.655Z | INFO     | uvicorn.error:94 - Finished server process [85543]
2026-04-30T14:52:06.285Z | INFO     | storeapi.main:16 - Hello World
2026-04-30T14:52:06.290Z | INFO     | uvicorn.error:62 - Application startup complete.
2026-04-30T14:52:08.010Z | INFO     | uvicorn.error:264 - Shutting down
2026-04-30T14:52:08.115Z | INFO     | uvicorn.error:67 - Waiting for application shutdown.
2026-04-30T14:52:08.118Z | INFO     | uvicorn.error:76 - Application shutdown complete.
2026-04-30T14:52:08.119Z | INFO     | uvicorn.error:94 - Finished server process [86526]
2026-04-30T14:52:08.617Z | INFO     | storeapi.main:16 - Hello World
2026-04-30T14:52:08.622Z | INFO     | uvicorn.error:62 - Application startup complete.
2026-04-30T14:52:12.663Z | INFO     | uvicorn.error:264 - Shutting down
2026-04-30T14:52:12.768Z | INFO     | uvicorn.error:67 - Waiting for application shutdown.
2026-04-30T14:52:12.772Z | INFO     | uvicorn.error:76 - Application shutdown complete.
2026-04-30T14:52:12.773Z | INFO     | uvicorn.error:94 - Finished server process [86544]
2026-04-30T14:52:13.286Z | INFO     | storeapi.main:16 - Hello World
2026-04-30T14:52:13.292Z | INFO     | uvicorn.error:62 - Application startup complete.
2026-04-30T14:52:16.731Z | INFO     | uvicorn.error:264 - Shutting down
2026-04-30T14:52:16.835Z | INFO     | uvicorn.error:67 - Waiting for application shutdown.
2026-04-30T14:52:16.837Z | INFO     | uvicorn.error:76 - Application shutdown complete.
2026-04-30T14:52:16.839Z | INFO     | uvicorn.error:94 - Finished server process [86569]
2026-04-30T14:52:17.353Z | INFO     | storeapi.main:16 - Hello World
2026-04-30T14:52:17.358Z | INFO     | uvicorn.error:62 - Application startup complete.
2026-04-30T14:52:18.066Z | INFO     | uvicorn.error:264 - Shutting down
2026-04-30T14:52:18.168Z | INFO     | uvicorn.error:67 - Waiting for application shutdown.
2026-04-30T14:52:18.169Z | INFO     | uvicorn.error:76 - Application shutdown complete.
2026-04-30T14:52:18.170Z | INFO     | uvicorn.error:94 - Finished server process [86588]
2026-04-30T14:52:18.664Z | INFO     | storeapi.main:16 - Hello World
2026-04-30T14:52:18.669Z | INFO     | uvicorn.error:62 - Application startup complete.
2026-04-30T14:52:20.592Z | INFO     | uvicorn.error:264 - Shutting down
2026-04-30T14:52:20.696Z | INFO     | uvicorn.error:67 - Waiting for application shutdown.
2026-04-30T14:52:20.697Z | INFO     | uvicorn.error:76 - Application shutdown complete.
2026-04-30T14:52:20.698Z | INFO     | uvicorn.error:94 - Finished server process [86599]
2026-04-30T14:52:21.200Z | INFO     | storeapi.main:16 - Hello World
2026-04-30T14:52:21.205Z | INFO     | uvicorn.error:62 - Application startup complete.
2026-04-30T14:52:21.711Z | INFO     | uvicorn.error:264 - Shutting down
2026-04-30T14:52:21.816Z | INFO     | uvicorn.error:67 - Waiting for application shutdown.
2026-04-30T14:52:21.820Z | INFO     | uvicorn.error:76 - Application shutdown complete.
2026-04-30T14:52:21.821Z | INFO     | uvicorn.error:94 - Finished server process [86613]
2026-04-30T14:52:22.316Z | INFO     | storeapi.main:16 - Hello World
2026-04-30T14:52:22.320Z | INFO     | uvicorn.error:62 - Application startup complete.
2026-04-30T14:53:41.190Z | INFO     | uvicorn.error:264 - Shutting down
2026-04-30T14:53:41.297Z | INFO     | uvicorn.error:67 - Waiting for application shutdown.
2026-04-30T14:53:41.302Z | INFO     | uvicorn.error:76 - Application shutdown complete.
2026-04-30T14:53:41.304Z | INFO     | uvicorn.error:94 - Finished server process [86619]
2026-04-30T14:53:43.829Z | INFO     | storeapi.main:16 - Hello World
2026-04-30T14:53:43.835Z | INFO     | uvicorn.error:62 - Application startup complete.
2026-04-30T14:54:39.438Z | INFO     | uvicorn.error:264 - Shutting down
2026-04-30T14:54:39.546Z | INFO     | uvicorn.error:67 - Waiting for application shutdown.
2026-04-30T14:54:39.549Z | INFO     | uvicorn.error:76 - Application shutdown complete.
2026-04-30T14:54:39.551Z | INFO     | uvicorn.error:94 - Finished server process [86968]
2026-04-30T14:54:40.183Z | INFO     | storeapi.main:16 - Hello World
2026-04-30T14:54:40.188Z | INFO     | uvicorn.error:62 - Application startup complete.
2026-04-30T14:54:47.669Z | INFO     | uvicorn.error:264 - Shutting down
2026-04-30T14:54:47.774Z | INFO     | uvicorn.error:67 - Waiting for application shutdown.
2026-04-30T14:54:47.779Z | INFO     | uvicorn.error:76 - Application shutdown complete.
2026-04-30T14:54:47.780Z | INFO     | uvicorn.error:94 - Finished server process [87155]
2026-04-30T14:54:48.404Z | INFO     | storeapi.main:16 - Hello World
2026-04-30T14:54:48.410Z | INFO     | uvicorn.error:62 - Application startup complete.
2026-04-30T14:54:51.036Z | INFO     | uvicorn.error:264 - Shutting down
2026-04-30T14:54:51.140Z | INFO     | uvicorn.error:67 - Waiting for application shutdown.
2026-04-30T14:54:51.145Z | INFO     | uvicorn.error:76 - Application shutdown complete.
2026-04-30T14:54:51.147Z | INFO     | uvicorn.error:94 - Finished server process [87195]
2026-04-30T14:54:51.657Z | INFO     | storeapi.main:16 - Hello World
2026-04-30T14:54:51.662Z | INFO     | uvicorn.error:62 - Application startup complete.
2026-04-30T14:54:52.977Z | INFO     | uvicorn.error:264 - Shutting down
2026-04-30T14:54:53.081Z | INFO     | uvicorn.error:67 - Waiting for application shutdown.
2026-04-30T14:54:53.083Z | INFO     | uvicorn.error:76 - Application shutdown complete.
2026-04-30T14:54:53.083Z | INFO     | uvicorn.error:94 - Finished server process [87223]
2026-04-30T14:54:53.570Z | INFO     | storeapi.main:16 - Hello World
2026-04-30T14:54:53.574Z | INFO     | uvicorn.error:62 - Application startup complete.
2026-04-30T14:54:58.528Z | INFO     | uvicorn.error:264 - Shutting down
2026-04-30T14:54:58.635Z | INFO     | uvicorn.error:67 - Waiting for application shutdown.
2026-04-30T14:54:58.638Z | INFO     | uvicorn.error:76 - Application shutdown complete.
2026-04-30T14:54:58.640Z | INFO     | uvicorn.error:94 - Finished server process [87231]
2026-04-30T14:54:59.139Z | INFO     | storeapi.main:16 - Hello World
2026-04-30T14:54:59.144Z | INFO     | uvicorn.error:62 - Application startup complete.
2026-04-30T14:55:02.282Z | INFO     | uvicorn.error:264 - Shutting down
2026-04-30T14:55:02.387Z | INFO     | uvicorn.error:67 - Waiting for application shutdown.
2026-04-30T14:55:02.391Z | INFO     | uvicorn.error:76 - Application shutdown complete.
2026-04-30T14:55:02.394Z | INFO     | uvicorn.error:94 - Finished server process [87268]
2026-04-30T14:55:02.918Z | INFO     | storeapi.main:16 - Hello World
2026-04-30T14:55:02.923Z | INFO     | uvicorn.error:62 - Application startup complete.
2026-04-30T14:55:04.642Z | INFO     | uvicorn.error:264 - Shutting down
2026-04-30T14:55:04.747Z | INFO     | uvicorn.error:67 - Waiting for application shutdown.
2026-04-30T14:55:04.751Z | INFO     | uvicorn.error:76 - Application shutdown complete.
2026-04-30T14:55:04.752Z | INFO     | uvicorn.error:94 - Finished server process [87290]
2026-04-30T14:55:05.273Z | INFO     | storeapi.main:16 - Hello World
2026-04-30T14:55:05.278Z | INFO     | uvicorn.error:62 - Application startup complete.
2026-04-30T14:55:06.190Z | INFO     | uvicorn.error:264 - Shutting down
2026-04-30T14:55:06.293Z | INFO     | uvicorn.error:67 - Waiting for application shutdown.
2026-04-30T14:55:06.294Z | INFO     | uvicorn.error:76 - Application shutdown complete.
2026-04-30T14:55:06.295Z | INFO     | uvicorn.error:94 - Finished server process [87306]
2026-04-30T14:55:08.504Z | INFO     | storeapi.main:16 - Hello World
2026-04-30T14:55:08.509Z | INFO     | uvicorn.error:62 - Application startup complete.
2026-04-30T14:55:13.459Z | INFO     | uvicorn.error:264 - Shutting down
2026-04-30T14:55:13.565Z | INFO     | uvicorn.error:67 - Waiting for application shutdown.
2026-04-30T14:55:13.566Z | INFO     | uvicorn.error:76 - Application shutdown complete.
2026-04-30T14:55:13.567Z | INFO     | uvicorn.error:94 - Finished server process [87321]
2026-04-30T14:55:14.077Z | INFO     | storeapi.main:16 - Hello World
2026-04-30T14:55:14.082Z | INFO     | uvicorn.error:62 - Application startup complete.
2026-04-30T14:55:16.205Z | INFO     | uvicorn.error:264 - Shutting down
2026-04-30T14:55:16.311Z | INFO     | uvicorn.error:67 - Waiting for application shutdown.
2026-04-30T14:55:16.314Z | INFO     | uvicorn.error:76 - Application shutdown complete.
2026-04-30T14:55:16.316Z | INFO     | uvicorn.error:94 - Finished server process [87347]
2026-04-30T14:55:16.815Z | INFO     | storeapi.main:16 - Hello World
2026-04-30T14:55:16.821Z | INFO     | uvicorn.error:62 - Application startup complete.
2026-04-30T14:55:19.046Z | INFO     | uvicorn.error:264 - Shutting down
2026-04-30T14:55:19.150Z | INFO     | uvicorn.error:67 - Waiting for application shutdown.
2026-04-30T14:55:19.154Z | INFO     | uvicorn.error:76 - Application shutdown complete.
2026-04-30T14:55:19.155Z | INFO     | uvicorn.error:94 - Finished server process [87365]
2026-04-30T14:55:19.658Z | INFO     | storeapi.main:16 - Hello World
2026-04-30T14:55:19.664Z | INFO     | uvicorn.error:62 - Application startup complete.
2026-04-30T14:55:22.095Z | INFO     | uvicorn.error:264 - Shutting down
2026-04-30T14:55:22.201Z | INFO     | uvicorn.error:67 - Waiting for application shutdown.
2026-04-30T14:55:22.205Z | INFO     | uvicorn.error:76 - Application shutdown complete.
2026-04-30T14:55:22.207Z | INFO     | uvicorn.error:94 - Finished server process [87377]
2026-04-30T14:55:22.712Z | INFO     | storeapi.main:16 - Hello World
2026-04-30T14:55:22.717Z | INFO     | uvicorn.error:62 - Application startup complete.
2026-04-30T14:55:24.334Z | INFO     | uvicorn.error:264 - Shutting down
2026-04-30T14:55:24.437Z | INFO     | uvicorn.error:67 - Waiting for application shutdown.
2026-04-30T14:55:24.438Z | INFO     | uvicorn.error:76 - Application shutdown complete.
2026-04-30T14:55:24.439Z | INFO     | uvicorn.error:94 - Finished server process [87394]
2026-04-30T14:55:24.933Z | INFO     | storeapi.main:16 - Hello World
2026-04-30T14:55:24.938Z | INFO     | uvicorn.error:62 - Application startup complete.
2026-04-30T14:55:29.388Z | INFO     | uvicorn.error:264 - Shutting down
2026-04-30T14:55:29.494Z | INFO     | uvicorn.error:67 - Waiting for application shutdown.
2026-04-30T14:55:29.497Z | INFO     | uvicorn.error:76 - Application shutdown complete.
2026-04-30T14:55:29.498Z | INFO     | uvicorn.error:94 - Finished server process [87407]
2026-04-30T14:55:29.995Z | INFO     | storeapi.main:16 - Hello World
2026-04-30T14:55:30.000Z | INFO     | uvicorn.error:62 - Application startup complete.
2026-04-30T14:55:46.586Z | DEBUG    | storeapi.routers.post:32 - SELECT posts.id, posts.body 
FROM posts
2026-04-30T14:55:46.592Z | INFO     | uvicorn.access:483 - 127.0.0.1:62889 - "GET /post HTTP/1.1" 200
2026-04-30T14:57:03.838Z | INFO     | uvicorn.error:264 - Shutting down
2026-04-30T14:57:03.946Z | INFO     | uvicorn.error:67 - Waiting for application shutdown.
2026-04-30T14:57:03.949Z | INFO     | uvicorn.error:76 - Application shutdown complete.
2026-04-30T14:57:03.950Z | INFO     | uvicorn.error:94 - Finished server process [87453]
2026-04-30T14:57:04.838Z | INFO     | storeapi.main:16 - Hello World
2026-04-30T14:57:04.843Z | INFO     | uvicorn.error:62 - Application startup complete.
2026-04-30T14:57:06.969Z | INFO     | uvicorn.error:264 - Shutting down
2026-04-30T14:57:07.074Z | INFO     | uvicorn.error:67 - Waiting for application shutdown.
2026-04-30T14:57:07.079Z | INFO     | uvicorn.error:76 - Application shutdown complete.
2026-04-30T14:57:07.081Z | INFO     | uvicorn.error:94 - Finished server process [87803]
2026-04-30T14:57:07.579Z | INFO     | storeapi.main:16 - Hello World
2026-04-30T14:57:07.584Z | INFO     | uvicorn.error:62 - Application startup complete.
2026-04-30T14:57:10.820Z | INFO     | uvicorn.error:264 - Shutting down
2026-04-30T14:57:10.922Z | INFO     | uvicorn.error:67 - Waiting for application shutdown.
2026-04-30T14:57:10.923Z | INFO     | uvicorn.error:76 - Application shutdown complete.
2026-04-30T14:57:10.924Z | INFO     | uvicorn.error:94 - Finished server process [87826]
2026-04-30T14:57:11.440Z | INFO     | storeapi.main:16 - Hello World
2026-04-30T14:57:11.445Z | INFO     | uvicorn.error:62 - Application startup complete.
2026-04-30T14:57:12.154Z | INFO     | uvicorn.error:264 - Shutting down
2026-04-30T14:57:12.258Z | INFO     | uvicorn.error:67 - Waiting for application shutdown.
2026-04-30T14:57:12.261Z | INFO     | uvicorn.error:76 - Application shutdown complete.
2026-04-30T14:57:12.263Z | INFO     | uvicorn.error:94 - Finished server process [87849]
2026-04-30T14:57:12.761Z | INFO     | storeapi.main:16 - Hello World
2026-04-30T14:57:12.766Z | INFO     | uvicorn.error:62 - Application startup complete.
2026-04-30T14:57:19.335Z | INFO     | uvicorn.error:264 - Shutting down
2026-04-30T14:57:19.440Z | INFO     | uvicorn.error:67 - Waiting for application shutdown.
2026-04-30T14:57:19.442Z | INFO     | uvicorn.error:76 - Application shutdown complete.
2026-04-30T14:57:19.444Z | INFO     | uvicorn.error:94 - Finished server process [87855]
2026-04-30T14:57:19.941Z | INFO     | storeapi.main:16 - Hello World
2026-04-30T14:57:19.946Z | INFO     | uvicorn.error:62 - Application startup complete.
2026-04-30T14:57:29.749Z | INFO     | uvicorn.error:264 - Shutting down
2026-04-30T14:57:29.856Z | INFO     | uvicorn.error:67 - Waiting for application shutdown.
2026-04-30T14:57:29.858Z | INFO     | uvicorn.error:76 - Application shutdown complete.
2026-04-30T14:57:29.859Z | INFO     | uvicorn.error:94 - Finished server process [87892]
2026-04-30T14:57:30.357Z | INFO     | storeapi.main:16 - Hello World
2026-04-30T14:57:30.362Z | INFO     | uvicorn.error:62 - Application startup complete.
2026-04-30T14:57:32.891Z | INFO     | uvicorn.error:264 - Shutting down
2026-04-30T14:57:32.998Z | INFO     | uvicorn.error:67 - Waiting for application shutdown.
2026-04-30T14:57:33.000Z | INFO     | uvicorn.error:76 - Application shutdown complete.
2026-04-30T14:57:33.002Z | INFO     | uvicorn.error:94 - Finished server process [87933]
2026-04-30T14:57:33.498Z | INFO     | storeapi.main:16 - Hello World
2026-04-30T14:57:33.503Z | INFO     | uvicorn.error:62 - Application startup complete.
2026-04-30T14:57:35.526Z | INFO     | uvicorn.error:264 - Shutting down
2026-04-30T14:57:35.633Z | INFO     | uvicorn.error:67 - Waiting for application shutdown.
2026-04-30T14:57:35.637Z | INFO     | uvicorn.error:76 - Application shutdown complete.
2026-04-30T14:57:35.639Z | INFO     | uvicorn.error:94 - Finished server process [87956]
2026-04-30T14:57:36.160Z | INFO     | storeapi.main:16 - Hello World
2026-04-30T14:57:36.165Z | INFO     | uvicorn.error:62 - Application startup complete.
2026-04-30T14:57:38.797Z | INFO     | uvicorn.error:264 - Shutting down
2026-04-30T14:57:38.900Z | INFO     | uvicorn.error:67 - Waiting for application shutdown.
2026-04-30T14:57:38.902Z | INFO     | uvicorn.error:76 - Application shutdown complete.
2026-04-30T14:57:38.903Z | INFO     | uvicorn.error:94 - Finished server process [87966]
2026-04-30T14:57:39.433Z | INFO     | storeapi.main:16 - Hello World
2026-04-30T14:57:39.438Z | INFO     | uvicorn.error:62 - Application startup complete.
2026-04-30T14:57:40.664Z | INFO     | uvicorn.error:264 - Shutting down
2026-04-30T14:57:40.766Z | INFO     | uvicorn.error:67 - Waiting for application shutdown.
2026-04-30T14:57:40.767Z | INFO     | uvicorn.error:76 - Application shutdown complete.
2026-04-30T14:57:40.768Z | INFO     | uvicorn.error:94 - Finished server process [87988]
2026-04-30T14:57:41.264Z | INFO     | storeapi.main:16 - Hello World
2026-04-30T14:57:41.269Z | INFO     | uvicorn.error:62 - Application startup complete.
2026-04-30T14:57:43.493Z | INFO     | uvicorn.error:264 - Shutting down
2026-04-30T14:57:43.597Z | INFO     | uvicorn.error:67 - Waiting for application shutdown.
2026-04-30T14:57:43.602Z | INFO     | uvicorn.error:76 - Application shutdown complete.
2026-04-30T14:57:43.603Z | INFO     | uvicorn.error:94 - Finished server process [87998]
2026-04-30T14:57:44.104Z | INFO     | storeapi.main:16 - Hello World
2026-04-30T14:57:44.109Z | INFO     | uvicorn.error:62 - Application startup complete.
2026-04-30T14:57:45.729Z | INFO     | uvicorn.error:264 - Shutting down
2026-04-30T14:57:45.832Z | INFO     | uvicorn.error:67 - Waiting for application shutdown.
2026-04-30T14:57:45.834Z | INFO     | uvicorn.error:76 - Application shutdown complete.
2026-04-30T14:57:45.835Z | INFO     | uvicorn.error:94 - Finished server process [88015]
2026-04-30T14:57:51.328Z | INFO     | storeapi.main:16 - Hello World
2026-04-30T14:57:51.334Z | INFO     | uvicorn.error:62 - Application startup complete.
2026-04-30T14:57:57.216Z | INFO     | uvicorn.error:264 - Shutting down
2026-04-30T14:57:57.320Z | INFO     | uvicorn.error:67 - Waiting for application shutdown.
2026-04-30T14:57:57.324Z | INFO     | uvicorn.error:76 - Application shutdown complete.
2026-04-30T14:57:57.326Z | INFO     | uvicorn.error:94 - Finished server process [88051]
2026-04-30T14:57:57.823Z | INFO     | storeapi.main:16 - Hello World
2026-04-30T14:57:57.828Z | INFO     | uvicorn.error:62 - Application startup complete.
2026-04-30T14:58:41.408Z | INFO     | uvicorn.error:264 - Shutting down
2026-04-30T14:58:41.515Z | INFO     | uvicorn.error:67 - Waiting for application shutdown.
2026-04-30T14:58:41.520Z | INFO     | uvicorn.error:76 - Application shutdown complete.
2026-04-30T14:58:41.521Z | INFO     | uvicorn.error:94 - Finished server process [88095]
2026-04-30T14:58:42.149Z | INFO     | storeapi.main:16 - Hello World
2026-04-30T14:58:42.154Z | INFO     | uvicorn.error:62 - Application startup complete.
2026-04-30T14:58:48.325Z | INFO     | uvicorn.error:264 - Shutting down
2026-04-30T14:58:48.431Z | INFO     | uvicorn.error:67 - Waiting for application shutdown.
2026-04-30T14:58:48.434Z | INFO     | uvicorn.error:76 - Application shutdown complete.
2026-04-30T14:58:48.437Z | INFO     | uvicorn.error:94 - Finished server process [88239]
2026-04-30T14:58:49.052Z | INFO     | storeapi.main:16 - Hello World
2026-04-30T14:58:49.060Z | INFO     | uvicorn.error:62 - Application startup complete.
2026-04-30T14:58:49.869Z | INFO     | uvicorn.error:264 - Shutting down
2026-04-30T14:58:49.974Z | INFO     | uvicorn.error:67 - Waiting for application shutdown.
2026-04-30T14:58:49.976Z | INFO     | uvicorn.error:76 - Application shutdown complete.
2026-04-30T14:58:49.977Z | INFO     | uvicorn.error:94 - Finished server process [88274]
2026-04-30T14:58:50.512Z | INFO     | storeapi.main:16 - Hello World
2026-04-30T14:58:50.517Z | INFO     | uvicorn.error:62 - Application startup complete.
2026-04-30T14:58:57.395Z | INFO     | uvicorn.error:264 - Shutting down
2026-04-30T14:58:57.499Z | INFO     | uvicorn.error:67 - Waiting for application shutdown.
2026-04-30T14:58:57.500Z | INFO     | uvicorn.error:76 - Application shutdown complete.
2026-04-30T14:58:57.501Z | INFO     | uvicorn.error:94 - Finished server process [88281]
2026-04-30T14:58:59.840Z | INFO     | storeapi.main:16 - Hello World
2026-04-30T14:58:59.847Z | INFO     | uvicorn.error:62 - Application startup complete.
2026-04-30T14:59:01.465Z | INFO     | uvicorn.error:264 - Shutting down
2026-04-30T14:59:01.567Z | INFO     | uvicorn.error:67 - Waiting for application shutdown.
2026-04-30T14:59:01.568Z | INFO     | uvicorn.error:76 - Application shutdown complete.
2026-04-30T14:59:01.569Z | INFO     | uvicorn.error:94 - Finished server process [88326]
2026-04-30T14:59:02.072Z | INFO     | storeapi.main:16 - Hello World
2026-04-30T14:59:02.077Z | INFO     | uvicorn.error:62 - Application startup complete.
2026-04-30T14:59:05.006Z | INFO     | uvicorn.error:264 - Shutting down
2026-04-30T14:59:05.109Z | INFO     | uvicorn.error:67 - Waiting for application shutdown.
2026-04-30T14:59:05.111Z | INFO     | uvicorn.error:76 - Application shutdown complete.
2026-04-30T14:59:05.112Z | INFO     | uvicorn.error:94 - Finished server process [88340]
2026-04-30T14:59:05.622Z | INFO     | storeapi.main:16 - Hello World
2026-04-30T14:59:05.628Z | INFO     | uvicorn.error:62 - Application startup complete.
2026-04-30T15:05:55.620Z | INFO     | uvicorn.error:264 - Shutting down
2026-04-30T15:05:55.729Z | INFO     | uvicorn.error:67 - Waiting for application shutdown.
2026-04-30T15:05:55.732Z | INFO     | uvicorn.error:76 - Application shutdown complete.
2026-04-30T15:05:55.733Z | INFO     | uvicorn.error:94 - Finished server process [88363]
2026-04-30T15:05:56.376Z | INFO     | storeapi.main:16 - Hello World
2026-04-30T15:05:56.382Z | INFO     | uvicorn.error:62 - Application startup complete.
2026-04-30T15:05:56.888Z | INFO     | uvicorn.error:264 - Shutting down
2026-04-30T15:05:56.993Z | INFO     | uvicorn.error:67 - Waiting for application shutdown.
2026-04-30T15:05:56.998Z | INFO     | uvicorn.error:76 - Application shutdown complete.
2026-04-30T15:05:57.000Z | INFO     | uvicorn.error:94 - Finished server process [89613]
2026-04-30T15:05:57.508Z | INFO     | storeapi.main:16 - Hello World
2026-04-30T15:05:57.514Z | INFO     | uvicorn.error:62 - Application startup complete.
2026-04-30T15:06:47.253Z | INFO     | uvicorn.error:264 - Shutting down
2026-04-30T15:06:47.359Z | INFO     | uvicorn.error:67 - Waiting for application shutdown.
2026-04-30T15:06:47.363Z | INFO     | uvicorn.error:76 - Application shutdown complete.
2026-04-30T15:06:47.364Z | INFO     | uvicorn.error:94 - Finished server process [89624]
2026-04-30T15:06:47.997Z | INFO     | storeapi.main:16 - Hello World
2026-04-30T15:06:48.003Z | INFO     | uvicorn.error:62 - Application startup complete.
2026-04-30T15:06:50.229Z | INFO     | uvicorn.error:264 - Shutting down
2026-04-30T15:06:50.335Z | INFO     | uvicorn.error:67 - Waiting for application shutdown.
2026-04-30T15:06:50.336Z | INFO     | uvicorn.error:76 - Application shutdown complete.
2026-04-30T15:06:50.337Z | INFO     | uvicorn.error:94 - Finished server process [89781]
2026-04-30T15:06:50.825Z | INFO     | storeapi.main:16 - Hello World
2026-04-30T15:06:50.830Z | INFO     | uvicorn.error:62 - Application startup complete.
2026-04-30T15:06:53.055Z | INFO     | uvicorn.error:264 - Shutting down
2026-04-30T15:06:53.161Z | INFO     | uvicorn.error:67 - Waiting for application shutdown.
2026-04-30T15:06:53.166Z | INFO     | uvicorn.error:76 - Application shutdown complete.
2026-04-30T15:06:53.168Z | INFO     | uvicorn.error:94 - Finished server process [89798]
2026-04-30T15:06:53.689Z | INFO     | storeapi.main:16 - Hello World
2026-04-30T15:06:53.695Z | INFO     | uvicorn.error:62 - Application startup complete.
2026-04-30T15:06:56.228Z | INFO     | uvicorn.error:264 - Shutting down
2026-04-30T15:06:56.333Z | INFO     | uvicorn.error:67 - Waiting for application shutdown.
2026-04-30T15:06:56.337Z | INFO     | uvicorn.error:76 - Application shutdown complete.
2026-04-30T15:06:56.338Z | INFO     | uvicorn.error:94 - Finished server process [89812]
2026-04-30T15:06:56.832Z | INFO     | storeapi.main:16 - Hello World
2026-04-30T15:06:56.837Z | INFO     | uvicorn.error:62 - Application startup complete.
2026-04-30T15:07:01.892Z | INFO     | uvicorn.error:264 - Shutting down
2026-04-30T15:07:01.995Z | INFO     | uvicorn.error:67 - Waiting for application shutdown.
2026-04-30T15:07:01.996Z | INFO     | uvicorn.error:76 - Application shutdown complete.
2026-04-30T15:07:01.997Z | INFO     | uvicorn.error:94 - Finished server process [89830]
2026-04-30T15:07:02.630Z | INFO     | storeapi.main:16 - Hello World
2026-04-30T15:07:02.635Z | INFO     | uvicorn.error:62 - Application startup complete.
2026-04-30T15:07:03.242Z | INFO     | uvicorn.error:264 - Shutting down
2026-04-30T15:07:03.344Z | INFO     | uvicorn.error:67 - Waiting for application shutdown.
2026-04-30T15:07:03.346Z | INFO     | uvicorn.error:76 - Application shutdown complete.
2026-04-30T15:07:03.347Z | INFO     | uvicorn.error:94 - Finished server process [89861]
2026-04-30T15:07:03.933Z | INFO     | storeapi.main:16 - Hello World
2026-04-30T15:07:03.939Z | INFO     | uvicorn.error:62 - Application startup complete.
2026-04-30T15:17:05.707Z | INFO     | uvicorn.error:264 - Shutting down
2026-04-30T15:17:05.817Z | INFO     | uvicorn.error:67 - Waiting for application shutdown.
2026-04-30T15:17:05.822Z | INFO     | uvicorn.error:76 - Application shutdown complete.
2026-04-30T15:17:05.823Z | INFO     | uvicorn.error:94 - Finished server process [89873]
2026-04-30T15:17:06.732Z | INFO     | storeapi.main:16 - Hello World
2026-04-30T15:17:06.738Z | INFO     | uvicorn.error:62 - Application startup complete.
2026-04-30T15:17:10.474Z | INFO     | uvicorn.error:264 - Shutting down
2026-04-30T15:17:10.579Z | INFO     | uvicorn.error:67 - Waiting for application shutdown.
2026-04-30T15:17:10.583Z | INFO     | uvicorn.error:76 - Application shutdown complete.
2026-04-30T15:17:10.584Z | INFO     | uvicorn.error:94 - Finished server process [91786]
2026-04-30T15:17:11.080Z | INFO     | storeapi.main:16 - Hello World
2026-04-30T15:17:11.085Z | INFO     | uvicorn.error:62 - Application startup complete.
2026-04-30T15:17:54.040Z | INFO     | uvicorn.error:264 - Shutting down
2026-04-30T15:17:54.148Z | INFO     | uvicorn.error:67 - Waiting for application shutdown.
2026-04-30T15:17:54.152Z | INFO     | uvicorn.error:76 - Application shutdown complete.
2026-04-30T15:17:54.153Z | INFO     | uvicorn.error:94 - Finished server process [91819]
2026-04-30T15:17:54.784Z | INFO     | storeapi.main:16 - Hello World
2026-04-30T15:17:54.789Z | INFO     | uvicorn.error:62 - Application startup complete.
2026-04-30T15:17:58.229Z | INFO     | uvicorn.error:264 - Shutting down
2026-04-30T15:17:58.332Z | INFO     | uvicorn.error:67 - Waiting for application shutdown.
2026-04-30T15:17:58.333Z | INFO     | uvicorn.error:76 - Application shutdown complete.
2026-04-30T15:17:58.334Z | INFO     | uvicorn.error:94 - Finished server process [91966]
2026-04-30T15:17:58.890Z | INFO     | storeapi.main:16 - Hello World
2026-04-30T15:17:58.895Z | INFO     | uvicorn.error:62 - Application startup complete.
2026-04-30T15:18:00.918Z | INFO     | uvicorn.error:264 - Shutting down
2026-04-30T15:18:01.021Z | INFO     | uvicorn.error:67 - Waiting for application shutdown.
2026-04-30T15:18:01.023Z | INFO     | uvicorn.error:76 - Application shutdown complete.
2026-04-30T15:18:01.024Z | INFO     | uvicorn.error:94 - Finished server process [91992]
2026-04-30T15:18:01.605Z | INFO     | storeapi.main:16 - Hello World
2026-04-30T15:18:01.610Z | INFO     | uvicorn.error:62 - Application startup complete.
2026-04-30T15:18:02.926Z | INFO     | uvicorn.error:264 - Shutting down
2026-04-30T15:18:03.032Z | INFO     | uvicorn.error:67 - Waiting for application shutdown.
2026-04-30T15:18:03.035Z | INFO     | uvicorn.error:76 - Application shutdown complete.
2026-04-30T15:18:03.036Z | INFO     | uvicorn.error:94 - Finished server process [92014]
2026-04-30T15:18:12.508Z | INFO     | storeapi.main:16 - Hello World
2026-04-30T15:18:12.513Z | INFO     | uvicorn.error:62 - Application startup complete.
2026-04-30T15:18:14.940Z | INFO     | uvicorn.error:264 - Shutting down
2026-04-30T15:18:15.043Z | INFO     | uvicorn.error:67 - Waiting for application shutdown.
2026-04-30T15:18:15.045Z | INFO     | uvicorn.error:76 - Application shutdown complete.
2026-04-30T15:18:15.046Z | INFO     | uvicorn.error:94 - Finished server process [92073]
2026-04-30T15:18:15.565Z | INFO     | storeapi.main:16 - Hello World
2026-04-30T15:18:15.570Z | INFO     | uvicorn.error:62 - Application startup complete.
2026-04-30T15:18:20.116Z | INFO     | uvicorn.error:264 - Shutting down
2026-04-30T15:18:20.220Z | INFO     | uvicorn.error:67 - Waiting for application shutdown.
2026-04-30T15:18:20.222Z | INFO     | uvicorn.error:76 - Application shutdown complete.
2026-04-30T15:18:20.223Z | INFO     | uvicorn.error:94 - Finished server process [92086]
2026-04-30T15:18:20.718Z | INFO     | storeapi.main:16 - Hello World
2026-04-30T15:18:20.723Z | INFO     | uvicorn.error:62 - Application startup complete.
2026-04-30T15:18:22.949Z | INFO     | uvicorn.error:264 - Shutting down
2026-04-30T15:18:23.053Z | INFO     | uvicorn.error:67 - Waiting for application shutdown.
2026-04-30T15:18:23.058Z | INFO     | uvicorn.error:76 - Application shutdown complete.
2026-04-30T15:18:23.060Z | INFO     | uvicorn.error:94 - Finished server process [92119]
2026-04-30T15:18:23.556Z | INFO     | storeapi.main:16 - Hello World
2026-04-30T15:18:23.561Z | INFO     | uvicorn.error:62 - Application startup complete.
2026-04-30T15:18:34.482Z | INFO     | uvicorn.error:264 - Shutting down
2026-04-30T15:18:34.588Z | INFO     | uvicorn.error:67 - Waiting for application shutdown.
2026-04-30T15:18:34.593Z | INFO     | uvicorn.error:76 - Application shutdown complete.
2026-04-30T15:18:34.595Z | INFO     | uvicorn.error:94 - Finished server process [92135]
2026-04-30T15:18:35.223Z | INFO     | storeapi.main:16 - Hello World
2026-04-30T15:18:35.229Z | INFO     | uvicorn.error:62 - Application startup complete.
2026-04-30T15:18:37.454Z | INFO     | uvicorn.error:264 - Shutting down
2026-04-30T15:18:37.556Z | INFO     | uvicorn.error:67 - Waiting for application shutdown.
2026-04-30T15:18:37.557Z | INFO     | uvicorn.error:76 - Application shutdown complete.
2026-04-30T15:18:37.559Z | INFO     | uvicorn.error:94 - Finished server process [92177]
2026-04-30T15:18:38.086Z | INFO     | storeapi.main:16 - Hello World
2026-04-30T15:18:38.091Z | INFO     | uvicorn.error:62 - Application startup complete.
2026-04-30T15:18:38.494Z | INFO     | uvicorn.error:264 - Shutting down
2026-04-30T15:18:38.598Z | INFO     | uvicorn.error:67 - Waiting for application shutdown.
2026-04-30T15:18:38.600Z | INFO     | uvicorn.error:76 - Application shutdown complete.
2026-04-30T15:18:38.602Z | INFO     | uvicorn.error:94 - Finished server process [92197]
2026-04-30T15:18:41.403Z | INFO     | storeapi.main:16 - Hello World
2026-04-30T15:18:41.409Z | INFO     | uvicorn.error:62 - Application startup complete.
2026-04-30T15:18:42.827Z | INFO     | uvicorn.error:264 - Shutting down
2026-04-30T15:18:42.930Z | INFO     | uvicorn.error:67 - Waiting for application shutdown.
2026-04-30T15:18:42.931Z | INFO     | uvicorn.error:76 - Application shutdown complete.
2026-04-30T15:18:42.933Z | INFO     | uvicorn.error:94 - Finished server process [92210]
2026-04-30T15:18:43.585Z | INFO     | storeapi.main:16 - Hello World
2026-04-30T15:18:43.592Z | INFO     | uvicorn.error:62 - Application startup complete.
2026-04-30T15:18:44.400Z | INFO     | uvicorn.error:264 - Shutting down
2026-04-30T15:18:44.505Z | INFO     | uvicorn.error:67 - Waiting for application shutdown.
2026-04-30T15:18:44.509Z | INFO     | uvicorn.error:76 - Application shutdown complete.
2026-04-30T15:18:44.511Z | INFO     | uvicorn.error:94 - Finished server process [92227]
2026-04-30T15:18:45.078Z | INFO     | storeapi.main:16 - Hello World
2026-04-30T15:18:45.083Z | INFO     | uvicorn.error:62 - Application startup complete.
2026-04-30T15:18:47.610Z | INFO     | uvicorn.error:264 - Shutting down
2026-04-30T15:18:47.713Z | INFO     | uvicorn.error:67 - Waiting for application shutdown.
2026-04-30T15:18:47.715Z | INFO     | uvicorn.error:76 - Application shutdown complete.
2026-04-30T15:18:47.716Z | INFO     | uvicorn.error:94 - Finished server process [92233]
2026-04-30T15:18:48.214Z | INFO     | storeapi.main:16 - Hello World
2026-04-30T15:18:48.219Z | INFO     | uvicorn.error:62 - Application startup complete.
2026-04-30T15:18:50.549Z | INFO     | uvicorn.error:264 - Shutting down
2026-04-30T15:18:50.651Z | INFO     | uvicorn.error:67 - Waiting for application shutdown.
2026-04-30T15:18:50.653Z | INFO     | uvicorn.error:76 - Application shutdown complete.
2026-04-30T15:18:50.654Z | INFO     | uvicorn.error:94 - Finished server process [92253]
2026-04-30T15:18:51.161Z | INFO     | storeapi.main:16 - Hello World
2026-04-30T15:18:51.166Z | INFO     | uvicorn.error:62 - Application startup complete.
2026-04-30T15:18:53.290Z | INFO     | uvicorn.error:264 - Shutting down
2026-04-30T15:18:53.398Z | INFO     | uvicorn.error:67 - Waiting for application shutdown.
2026-04-30T15:18:53.402Z | INFO     | uvicorn.error:76 - Application shutdown complete.
2026-04-30T15:18:53.405Z | INFO     | uvicorn.error:94 - Finished server process [92268]
2026-04-30T15:18:53.921Z | INFO     | storeapi.main:16 - Hello World
2026-04-30T15:18:53.926Z | INFO     | uvicorn.error:62 - Application startup complete.
2026-04-30T15:18:55.849Z | INFO     | uvicorn.error:264 - Shutting down
2026-04-30T15:18:55.955Z | INFO     | uvicorn.error:67 - Waiting for application shutdown.
2026-04-30T15:18:55.957Z | INFO     | uvicorn.error:76 - Application shutdown complete.
2026-04-30T15:18:55.959Z | INFO     | uvicorn.error:94 - Finished server process [92289]
2026-04-30T15:19:00.126Z | INFO     | storeapi.main:16 - Hello World
2026-04-30T15:19:00.131Z | INFO     | uvicorn.error:62 - Application startup complete.
2026-04-30T15:19:04.275Z | INFO     | uvicorn.error:264 - Shutting down
2026-04-30T15:19:04.380Z | INFO     | uvicorn.error:67 - Waiting for application shutdown.
2026-04-30T15:19:04.382Z | INFO     | uvicorn.error:76 - Application shutdown complete.
2026-04-30T15:19:04.384Z | INFO     | uvicorn.error:94 - Finished server process [92327]
2026-04-30T15:19:04.878Z | INFO     | storeapi.main:16 - Hello World
2026-04-30T15:19:04.883Z | INFO     | uvicorn.error:62 - Application startup complete.
2026-04-30T15:20:10.055Z | INFO     | uvicorn.access:483 - 127.0.0.1:63172 - "POST /post HTTP/1.1" 201
2026-04-30T15:20:20.524Z | DEBUG    | storeapi.routers.post:32 - SELECT posts.id, posts.body 
FROM posts
2026-04-30T15:20:20.528Z | INFO     | uvicorn.access:483 - 127.0.0.1:63179 - "GET /post HTTP/1.1" 200
2026-04-30T15:20:32.707Z | INFO     | storeapi.routers.post:51 - Getting comments on posts
2026-04-30T15:20:32.710Z | DEBUG    | storeapi.routers.post:55 - SELECT comments.id, comments.body, comments.post_id 
FROM comments 
WHERE comments.post_id = :post_id_1
2026-04-30T15:20:32.714Z | INFO     | uvicorn.access:483 - 127.0.0.1:63211 - "GET /post/0/comment HTTP/1.1" 200
2026-04-30T15:25:53.864Z | INFO     | uvicorn.error:264 - Shutting down
2026-04-30T15:25:53.970Z | INFO     | uvicorn.error:67 - Waiting for application shutdown.
2026-04-30T15:25:53.973Z | INFO     | uvicorn.error:76 - Application shutdown complete.
2026-04-30T15:25:53.977Z | INFO     | uvicorn.error:94 - Finished server process [92358]
2026-04-30T15:27:07.148Z | INFO     | storeapi.main:16 - Hello World
2026-04-30T15:27:07.154Z | INFO     | uvicorn.error:62 - Application startup complete.
2026-04-30T15:27:09.077Z | INFO     | uvicorn.error:264 - Shutting down
2026-04-30T15:27:09.184Z | INFO     | uvicorn.error:67 - Waiting for application shutdown.
2026-04-30T15:27:09.186Z | INFO     | uvicorn.error:76 - Application shutdown complete.
2026-04-30T15:27:09.188Z | INFO     | uvicorn.error:94 - Finished server process [94056]
2026-04-30T15:27:09.685Z | INFO     | storeapi.main:16 - Hello World
2026-04-30T15:27:09.690Z | INFO     | uvicorn.error:62 - Application startup complete.
2026-04-30T15:27:12.015Z | INFO     | uvicorn.error:264 - Shutting down
2026-04-30T15:27:12.121Z | INFO     | uvicorn.error:67 - Waiting for application shutdown.
2026-04-30T15:27:12.125Z | INFO     | uvicorn.error:76 - Application shutdown complete.
2026-04-30T15:27:12.127Z | INFO     | uvicorn.error:94 - Finished server process [94066]
2026-04-30T15:27:12.650Z | INFO     | storeapi.main:16 - Hello World
2026-04-30T15:27:12.655Z | INFO     | uvicorn.error:62 - Application startup complete.
2026-04-30T15:27:16.799Z | INFO     | uvicorn.error:264 - Shutting down
2026-04-30T15:27:16.904Z | INFO     | uvicorn.error:67 - Waiting for application shutdown.
2026-04-30T15:27:16.907Z | INFO     | uvicorn.error:76 - Application shutdown complete.
2026-04-30T15:27:16.908Z | INFO     | uvicorn.error:94 - Finished server process [94086]
2026-04-30T15:27:17.425Z | INFO     | storeapi.main:16 - Hello World
2026-04-30T15:27:17.430Z | INFO     | uvicorn.error:62 - Application startup complete.
2026-04-30T15:27:19.048Z | INFO     | uvicorn.error:264 - Shutting down
2026-04-30T15:27:19.154Z | INFO     | uvicorn.error:67 - Waiting for application shutdown.
2026-04-30T15:27:19.156Z | INFO     | uvicorn.error:76 - Application shutdown complete.
2026-04-30T15:27:19.157Z | INFO     | uvicorn.error:94 - Finished server process [94112]
2026-04-30T15:27:19.747Z | INFO     | storeapi.main:16 - Hello World
2026-04-30T15:27:19.753Z | INFO     | uvicorn.error:62 - Application startup complete.
2026-04-30T15:27:24.715Z | INFO     | uvicorn.error:264 - Shutting down
2026-04-30T15:27:24.818Z | INFO     | uvicorn.error:67 - Waiting for application shutdown.
2026-04-30T15:27:24.821Z | INFO     | uvicorn.error:76 - Application shutdown complete.
2026-04-30T15:27:24.823Z | INFO     | uvicorn.error:94 - Finished server process [94119]
2026-04-30T15:27:25.326Z | INFO     | storeapi.main:16 - Hello World
2026-04-30T15:27:25.330Z | INFO     | uvicorn.error:62 - Application startup complete.
2026-04-30T15:27:27.960Z | INFO     | uvicorn.error:264 - Shutting down
2026-04-30T15:27:28.065Z | INFO     | uvicorn.error:67 - Waiting for application shutdown.
2026-04-30T15:27:28.067Z | INFO     | uvicorn.error:76 - Application shutdown complete.
2026-04-30T15:27:28.068Z | INFO     | uvicorn.error:94 - Finished server process [94157]
2026-04-30T15:27:30.321Z | INFO     | storeapi.main:16 - Hello World
2026-04-30T15:27:30.327Z | INFO     | uvicorn.error:62 - Application startup complete.
2026-04-30T15:27:35.173Z | INFO     | uvicorn.error:264 - Shutting down
2026-04-30T15:27:35.276Z | INFO     | uvicorn.error:67 - Waiting for application shutdown.
2026-04-30T15:27:35.279Z | INFO     | uvicorn.error:76 - Application shutdown complete.
2026-04-30T15:27:35.280Z | INFO     | uvicorn.error:94 - Finished server process [94185]
2026-04-30T15:27:35.844Z | INFO     | storeapi.main:16 - Hello World
2026-04-30T15:27:35.850Z | INFO     | uvicorn.error:62 - Application startup complete.
2026-04-30T15:27:36.760Z | INFO     | uvicorn.error:264 - Shutting down
2026-04-30T15:27:36.863Z | INFO     | uvicorn.error:67 - Waiting for application shutdown.
2026-04-30T15:27:36.864Z | INFO     | uvicorn.error:76 - Application shutdown complete.
2026-04-30T15:27:36.864Z | INFO     | uvicorn.error:94 - Finished server process [94220]
2026-04-30T15:27:37.362Z | INFO     | storeapi.main:16 - Hello World
2026-04-30T15:27:37.366Z | INFO     | uvicorn.error:62 - Application startup complete.
2026-04-30T15:27:39.405Z | INFO     | uvicorn.error:264 - Shutting down
2026-04-30T15:27:39.511Z | INFO     | uvicorn.error:67 - Waiting for application shutdown.
2026-04-30T15:27:39.514Z | INFO     | uvicorn.error:76 - Application shutdown complete.
2026-04-30T15:27:39.515Z | INFO     | uvicorn.error:94 - Finished server process [94229]
2026-04-30T15:27:40.107Z | INFO     | storeapi.main:16 - Hello World
2026-04-30T15:27:40.113Z | INFO     | uvicorn.error:62 - Application startup complete.
2026-04-30T15:27:42.236Z | INFO     | uvicorn.error:264 - Shutting down
2026-04-30T15:27:42.343Z | INFO     | uvicorn.error:67 - Waiting for application shutdown.
2026-04-30T15:27:42.345Z | INFO     | uvicorn.error:76 - Application shutdown complete.
2026-04-30T15:27:42.346Z | INFO     | uvicorn.error:94 - Finished server process [94241]
2026-04-30T15:27:42.842Z | INFO     | storeapi.main:16 - Hello World
2026-04-30T15:27:42.847Z | INFO     | uvicorn.error:62 - Application startup complete.
2026-04-30T15:27:58.924Z | INFO     | uvicorn.error:264 - Shutting down
2026-04-30T15:27:59.031Z | INFO     | uvicorn.error:67 - Waiting for application shutdown.
2026-04-30T15:27:59.035Z | INFO     | uvicorn.error:76 - Application shutdown complete.
2026-04-30T15:27:59.036Z | INFO     | uvicorn.error:94 - Finished server process [94261]
2026-04-30T15:27:59.680Z | INFO     | storeapi.main:16 - Hello World
2026-04-30T15:27:59.686Z | INFO     | uvicorn.error:62 - Application startup complete.
2026-04-30T15:28:02.012Z | INFO     | uvicorn.error:264 - Shutting down
2026-04-30T15:28:02.116Z | INFO     | uvicorn.error:67 - Waiting for application shutdown.
2026-04-30T15:28:02.118Z | INFO     | uvicorn.error:76 - Application shutdown complete.
2026-04-30T15:28:02.118Z | INFO     | uvicorn.error:94 - Finished server process [94318]
2026-04-30T15:28:04.110Z | INFO     | storeapi.main:16 - Hello World
2026-04-30T15:28:04.115Z | INFO     | uvicorn.error:62 - Application startup complete.
2026-04-30T15:28:14.934Z | INFO     | uvicorn.error:264 - Shutting down
2026-04-30T15:28:15.037Z | INFO     | uvicorn.error:67 - Waiting for application shutdown.
2026-04-30T15:28:15.039Z | INFO     | uvicorn.error:76 - Application shutdown complete.
2026-04-30T15:28:15.039Z | INFO     | uvicorn.error:94 - Finished server process [94348]
2026-04-30T15:28:28.780Z | INFO     | storeapi.main:17 - Hello World
2026-04-30T15:28:28.785Z | INFO     | uvicorn.error:62 - Application startup complete.
2026-04-30T15:28:33.840Z | INFO     | uvicorn.error:264 - Shutting down
2026-04-30T15:28:33.946Z | INFO     | uvicorn.error:67 - Waiting for application shutdown.
2026-04-30T15:28:33.950Z | INFO     | uvicorn.error:76 - Application shutdown complete.
2026-04-30T15:28:33.951Z | INFO     | uvicorn.error:94 - Finished server process [94491]
2026-04-30T15:28:34.569Z | INFO     | storeapi.main:17 - Hello World
2026-04-30T15:28:34.575Z | INFO     | uvicorn.error:62 - Application startup complete.
2026-04-30T15:28:41.161Z | INFO     | uvicorn.error:264 - Shutting down
2026-04-30T15:28:41.270Z | INFO     | uvicorn.error:67 - Waiting for application shutdown.
2026-04-30T15:28:41.273Z | INFO     | uvicorn.error:76 - Application shutdown complete.
2026-04-30T15:28:41.275Z | INFO     | uvicorn.error:94 - Finished server process [94519]
2026-04-30T15:28:41.824Z | INFO     | storeapi.main:17 - Hello World
2026-04-30T15:28:41.830Z | INFO     | uvicorn.error:62 - Application startup complete.
2026-04-30T15:29:11.863Z | INFO     | uvicorn.error:264 - Shutting down
2026-04-30T15:29:11.970Z | INFO     | uvicorn.error:67 - Waiting for application shutdown.
2026-04-30T15:29:11.975Z | INFO     | uvicorn.error:76 - Application shutdown complete.
2026-04-30T15:29:11.978Z | INFO     | uvicorn.error:94 - Finished server process [94558]
2026-04-30T15:29:12.599Z | INFO     | storeapi.main:17 - Hello World
2026-04-30T15:29:12.604Z | INFO     | uvicorn.error:62 - Application startup complete.
2026-04-30T15:29:16.241Z | INFO     | uvicorn.error:264 - Shutting down
2026-04-30T15:29:16.345Z | INFO     | uvicorn.error:67 - Waiting for application shutdown.
2026-04-30T15:29:16.350Z | INFO     | uvicorn.error:76 - Application shutdown complete.
2026-04-30T15:29:16.352Z | INFO     | uvicorn.error:94 - Finished server process [94667]
2026-04-30T15:29:16.850Z | INFO     | storeapi.main:17 - Hello World
2026-04-30T15:29:16.855Z | INFO     | uvicorn.error:62 - Application startup complete.
2026-04-30T15:29:39.405Z | INFO     | uvicorn.error:264 - Shutting down
2026-04-30T15:29:39.512Z | INFO     | uvicorn.error:67 - Waiting for application shutdown.
2026-04-30T15:29:39.519Z | INFO     | uvicorn.error:76 - Application shutdown complete.
2026-04-30T15:29:39.520Z | INFO     | uvicorn.error:94 - Finished server process [94695]
2026-04-30T15:29:40.168Z | INFO     | storeapi.main:17 - Hello World
2026-04-30T15:29:40.174Z | INFO     | uvicorn.error:62 - Application startup complete.
2026-04-30T15:33:12.133Z | INFO     | uvicorn.error:264 - Shutting down
2026-04-30T15:33:12.237Z | INFO     | uvicorn.error:67 - Waiting for application shutdown.
2026-04-30T15:33:12.242Z | INFO     | uvicorn.error:76 - Application shutdown complete.
2026-04-30T15:33:12.243Z | INFO     | uvicorn.error:94 - Finished server process [94780]
2026-04-30T15:33:12.968Z | INFO     | storeapi.main:17 - Hello World
2026-04-30T15:33:12.974Z | INFO     | uvicorn.error:62 - Application startup complete.
2026-04-30T15:33:20.861Z | INFO     | uvicorn.error:264 - Shutting down
2026-04-30T15:33:20.965Z | INFO     | uvicorn.error:67 - Waiting for application shutdown.
2026-04-30T15:33:20.969Z | INFO     | uvicorn.error:76 - Application shutdown complete.
2026-04-30T15:33:20.971Z | INFO     | uvicorn.error:94 - Finished server process [95588]
2026-04-30T15:33:23.181Z | INFO     | storeapi.main:17 - Hello World
2026-04-30T15:33:23.186Z | INFO     | uvicorn.error:62 - Application startup complete.
2026-04-30T15:33:55.240Z | INFO     | uvicorn.error:264 - Shutting down
2026-04-30T15:33:55.350Z | INFO     | uvicorn.error:67 - Waiting for application shutdown.
2026-04-30T15:33:55.353Z | INFO     | uvicorn.error:76 - Application shutdown complete.
2026-04-30T15:33:55.355Z | INFO     | uvicorn.error:94 - Finished server process [95733]
2026-04-30T15:33:55.964Z | INFO     | storeapi.main:18 - Hello World
2026-04-30T15:33:55.970Z | INFO     | uvicorn.error:62 - Application startup complete.
2026-04-30T15:34:00.518Z | INFO     | uvicorn.error:264 - Shutting down
2026-04-30T15:34:00.620Z | INFO     | uvicorn.error:67 - Waiting for application shutdown.
2026-04-30T15:34:00.622Z | INFO     | uvicorn.error:76 - Application shutdown complete.
2026-04-30T15:34:00.623Z | INFO     | uvicorn.error:94 - Finished server process [95843]
2026-04-30T15:34:06.961Z | INFO     | storeapi.main:18 - Hello World
2026-04-30T15:34:06.966Z | INFO     | uvicorn.error:62 - Application startup complete.
2026-04-30T15:34:16.278Z | INFO     | uvicorn.error:264 - Shutting down
2026-04-30T15:34:16.382Z | INFO     | uvicorn.error:67 - Waiting for application shutdown.
2026-04-30T15:34:16.385Z | INFO     | uvicorn.error:76 - Application shutdown complete.
2026-04-30T15:34:16.385Z | INFO     | uvicorn.error:94 - Finished server process [95907]
2026-04-30T15:34:17.016Z | INFO     | storeapi.main:18 - Hello World
2026-04-30T15:34:17.022Z | INFO     | uvicorn.error:62 - Application startup complete.
2026-04-30T15:34:17.729Z | INFO     | uvicorn.error:264 - Shutting down
2026-04-30T15:34:17.833Z | INFO     | uvicorn.error:67 - Waiting for application shutdown.
2026-04-30T15:34:17.835Z | INFO     | uvicorn.error:76 - Application shutdown complete.
2026-04-30T15:34:17.836Z | INFO     | uvicorn.error:94 - Finished server process [95954]
2026-04-30T15:34:22.706Z | INFO     | storeapi.main:18 - Hello World
2026-04-30T15:34:22.712Z | INFO     | uvicorn.error:62 - Application startup complete.
2026-04-30T15:34:26.757Z | INFO     | uvicorn.error:264 - Shutting down
2026-04-30T15:34:26.862Z | INFO     | uvicorn.error:67 - Waiting for application shutdown.
2026-04-30T15:34:26.863Z | INFO     | uvicorn.error:76 - Application shutdown complete.
2026-04-30T15:34:26.864Z | INFO     | uvicorn.error:94 - Finished server process [95999]
2026-04-30T15:34:31.045Z | INFO     | storeapi.main:18 - Hello World
2026-04-30T15:34:31.051Z | INFO     | uvicorn.error:62 - Application startup complete.
2026-04-30T15:34:53.304Z | INFO     | uvicorn.error:264 - Shutting down
2026-04-30T15:34:53.412Z | INFO     | uvicorn.error:67 - Waiting for application shutdown.
2026-04-30T15:34:53.416Z | INFO     | uvicorn.error:76 - Application shutdown complete.
2026-04-30T15:34:53.418Z | INFO     | uvicorn.error:94 - Finished server process [96047]
2026-04-30T15:34:54.068Z | INFO     | storeapi.main:18 - Hello World
2026-04-30T15:34:54.073Z | INFO     | uvicorn.error:62 - Application startup complete.
2026-04-30T15:35:00.347Z | INFO     | uvicorn.error:264 - Shutting down
2026-04-30T15:35:00.453Z | INFO     | uvicorn.error:67 - Waiting for application shutdown.
2026-04-30T15:35:00.455Z | INFO     | uvicorn.error:76 - Application shutdown complete.
2026-04-30T15:35:00.457Z | INFO     | uvicorn.error:94 - Finished server process [96119]
2026-04-30T15:39:39.630Z | INFO     | storeapi.main:18 - Hello World
2026-04-30T15:39:39.635Z | INFO     | uvicorn.error:62 - Application startup complete.
2026-04-30T15:39:43.076Z | INFO     | uvicorn.error:264 - Shutting down
2026-04-30T15:39:43.182Z | INFO     | uvicorn.error:67 - Waiting for application shutdown.
2026-04-30T15:39:43.184Z | INFO     | uvicorn.error:76 - Application shutdown complete.
2026-04-30T15:39:43.185Z | INFO     | uvicorn.error:94 - Finished server process [97441]
2026-04-30T15:39:48.716Z | INFO     | storeapi.main:18 - Hello World
2026-04-30T15:39:48.722Z | INFO     | uvicorn.error:62 - Application startup complete.
2026-04-30T15:41:00.212Z | INFO     | uvicorn.error:264 - Shutting down
2026-04-30T15:41:00.321Z | INFO     | uvicorn.error:67 - Waiting for application shutdown.
2026-04-30T15:41:00.326Z | INFO     | uvicorn.error:76 - Application shutdown complete.
2026-04-30T15:41:00.328Z | INFO     | uvicorn.error:94 - Finished server process [97480]
2026-04-30T15:41:00.992Z | INFO     | storeapi.main:18 - Hello World
2026-04-30T15:41:00.998Z | INFO     | uvicorn.error:62 - Application startup complete.
2026-04-30T15:41:01.606Z | INFO     | uvicorn.error:264 - Shutting down
2026-04-30T15:41:01.707Z | INFO     | uvicorn.error:67 - Waiting for application shutdown.
2026-04-30T15:41:01.708Z | INFO     | uvicorn.error:76 - Application shutdown complete.
2026-04-30T15:41:01.709Z | INFO     | uvicorn.error:94 - Finished server process [97723]
2026-04-30T15:41:02.193Z | INFO     | storeapi.main:18 - Hello World
2026-04-30T15:41:02.198Z | INFO     | uvicorn.error:62 - Application startup complete.
2026-04-30T15:41:05.733Z | INFO     | uvicorn.error:264 - Shutting down
2026-04-30T15:41:05.837Z | INFO     | uvicorn.error:67 - Waiting for application shutdown.
2026-04-30T15:41:05.840Z | INFO     | uvicorn.error:76 - Application shutdown complete.
2026-04-30T15:41:05.841Z | INFO     | uvicorn.error:94 - Finished server process [97735]
2026-04-30T15:41:06.337Z | INFO     | storeapi.main:18 - Hello World
2026-04-30T15:41:06.342Z | INFO     | uvicorn.error:62 - Application startup complete.
2026-04-30T15:41:10.793Z | INFO     | uvicorn.error:264 - Shutting down
2026-04-30T15:41:10.896Z | INFO     | uvicorn.error:67 - Waiting for application shutdown.
2026-04-30T15:41:10.898Z | INFO     | uvicorn.error:76 - Application shutdown complete.
2026-04-30T15:41:10.899Z | INFO     | uvicorn.error:94 - Finished server process [97756]
2026-04-30T15:41:11.485Z | INFO     | storeapi.main:18 - Hello World
2026-04-30T15:41:11.491Z | INFO     | uvicorn.error:62 - Application startup complete.
2026-04-30T15:41:16.549Z | INFO     | uvicorn.error:264 - Shutting down
2026-04-30T15:41:16.653Z | INFO     | uvicorn.error:67 - Waiting for application shutdown.
2026-04-30T15:41:16.658Z | INFO     | uvicorn.error:76 - Application shutdown complete.
2026-04-30T15:41:16.660Z | INFO     | uvicorn.error:94 - Finished server process [97777]
2026-04-30T15:41:17.171Z | INFO     | storeapi.main:18 - Hello World
2026-04-30T15:41:17.176Z | INFO     | uvicorn.error:62 - Application startup complete.
2026-04-30T15:41:18.796Z | INFO     | uvicorn.error:264 - Shutting down
2026-04-30T15:41:18.902Z | INFO     | uvicorn.error:67 - Waiting for application shutdown.
2026-04-30T15:41:18.905Z | INFO     | uvicorn.error:76 - Application shutdown complete.
2026-04-30T15:41:18.907Z | INFO     | uvicorn.error:94 - Finished server process [97804]
2026-04-30T15:41:19.402Z | INFO     | storeapi.main:18 - Hello World
2026-04-30T15:41:19.407Z | INFO     | uvicorn.error:62 - Application startup complete.
2026-04-30T15:41:21.632Z | INFO     | uvicorn.error:264 - Shutting down
2026-04-30T15:41:21.739Z | INFO     | uvicorn.error:67 - Waiting for application shutdown.
2026-04-30T15:41:21.744Z | INFO     | uvicorn.error:76 - Application shutdown complete.
2026-04-30T15:41:21.746Z | INFO     | uvicorn.error:94 - Finished server process [97813]
2026-04-30T15:41:22.241Z | INFO     | storeapi.main:18 - Hello World
2026-04-30T15:41:22.246Z | INFO     | uvicorn.error:62 - Application startup complete.
2026-04-30T15:41:55.004Z | INFO     | uvicorn.error:264 - Shutting down
2026-04-30T15:41:55.113Z | INFO     | uvicorn.error:67 - Waiting for application shutdown.
2026-04-30T15:41:55.117Z | INFO     | uvicorn.error:76 - Application shutdown complete.
2026-04-30T15:41:55.119Z | INFO     | uvicorn.error:94 - Finished server process [97827]
2026-04-30T15:41:55.762Z | INFO     | [] storeapi.main:18 - Hello World
2026-04-30T15:41:55.767Z | INFO     | [] uvicorn.error:62 - Application startup complete.
2026-04-30T15:41:58.899Z | INFO     | [] uvicorn.error:264 - Shutting down
2026-04-30T15:41:59.004Z | INFO     | [] uvicorn.error:67 - Waiting for application shutdown.
2026-04-30T15:41:59.009Z | INFO     | [] uvicorn.error:76 - Application shutdown complete.
2026-04-30T15:41:59.012Z | INFO     | [] uvicorn.error:94 - Finished server process [97942]
2026-04-30T15:42:56.560Z | INFO     | [-] storeapi.main:18 - Hello World
2026-04-30T15:42:56.566Z | INFO     | [-] uvicorn.error:62 - Application startup complete.
2026-04-30T15:43:10.009Z | INFO     | [-] uvicorn.error:264 - Shutting down
2026-04-30T15:43:10.114Z | INFO     | [-] uvicorn.error:67 - Waiting for application shutdown.
2026-04-30T15:43:10.120Z | INFO     | [-] uvicorn.error:76 - Application shutdown complete.
2026-04-30T15:43:10.122Z | INFO     | [-] uvicorn.error:94 - Finished server process [98237]
2026-04-30T15:43:10.759Z | INFO     | [-] storeapi.main:18 - Hello World
2026-04-30T15:43:10.765Z | INFO     | [-] uvicorn.error:62 - Application startup complete.
2026-04-30T15:50:06.851Z | INFO     | [-] uvicorn.error:264 - Shutting down
2026-04-30T15:50:06.964Z | INFO     | [-] uvicorn.error:67 - Waiting for application shutdown.
2026-04-30T15:50:06.973Z | INFO     | [-] uvicorn.error:76 - Application shutdown complete.
2026-04-30T15:50:06.976Z | INFO     | [-] uvicorn.error:94 - Finished server process [98292]
2026-04-30T15:50:08.821Z | INFO     | [-] storeapi.main:18 - Hello World
2026-04-30T15:50:08.825Z | INFO     | [-] uvicorn.error:62 - Application startup complete.
2026-04-30T15:50:58.341Z | DEBUG    | [8962bc6a] storeapi.routers.post:32 - SELECT posts.id, posts.body 
FROM posts
2026-04-30T15:50:58.347Z | INFO     | [8962bc6a] uvicorn.access:483 - 127.0.0.1:63757 - "GET /post HTTP/1.1" 200
2026-04-30T15:52:44.541Z | INFO     | [-] uvicorn.error:264 - Shutting down
2026-04-30T15:52:44.649Z | INFO     | [-] uvicorn.error:67 - Waiting for application shutdown.
2026-04-30T15:52:44.653Z | INFO     | [-] uvicorn.error:76 - Application shutdown complete.
2026-04-30T15:52:44.654Z | INFO     | [-] uvicorn.error:94 - Finished server process [99866]
2026-04-30T15:52:45.173Z | INFO     | [-] storeapi.main:18 - Hello World
2026-04-30T15:52:45.177Z | INFO     | [-] uvicorn.error:62 - Application startup complete.
2026-04-30T15:52:45.985Z | INFO     | [-] uvicorn.error:264 - Shutting down
2026-04-30T15:52:46.090Z | INFO     | [-] uvicorn.error:67 - Waiting for application shutdown.
2026-04-30T15:52:46.094Z | INFO     | [-] uvicorn.error:76 - Application shutdown complete.
2026-04-30T15:52:46.095Z | INFO     | [-] uvicorn.error:94 - Finished server process [610]
2026-04-30T15:52:46.436Z | INFO     | [-] storeapi.main:18 - Hello World
2026-04-30T15:52:46.439Z | INFO     | [-] uvicorn.error:62 - Application startup complete.
2026-04-30T15:54:20.504Z | INFO     | [-] uvicorn.error:264 - Shutting down
2026-04-30T15:54:20.608Z | INFO     | [-] uvicorn.error:67 - Waiting for application shutdown.
2026-04-30T15:54:20.609Z | INFO     | [-] uvicorn.error:76 - Application shutdown complete.
2026-04-30T15:54:20.610Z | INFO     | [-] uvicorn.error:94 - Finished server process [626]
2026-04-30T15:54:21.092Z | INFO     | [-] storeapi.main:18 - Hello World
2026-04-30T15:54:21.097Z | INFO     | [-] uvicorn.error:62 - Application startup complete.
2026-04-30T15:54:44.343Z | INFO     | [-] uvicorn.error:264 - Shutting down
2026-04-30T15:54:44.453Z | INFO     | [-] uvicorn.error:67 - Waiting for application shutdown.
2026-04-30T15:54:44.459Z | INFO     | [-] uvicorn.error:76 - Application shutdown complete.
2026-04-30T15:54:44.461Z | INFO     | [-] uvicorn.error:94 - Finished server process [1070]
{"asctime": "2026-04-30T15:55:07", "msecs": 512.0, "levelname": "INFO", "correlation_id": "-", "name": "storeapi.main", "lineno": 18, "message": "Hello World"}
{"asctime": "2026-04-30T15:55:07", "msecs": 516.0, "levelname": "INFO", "correlation_id": "-", "name": "uvicorn.error", "lineno": 62, "message": "Application startup complete."}
{"asctime": "2026-04-30T15:55:47", "msecs": 258.0, "levelname": "INFO", "correlation_id": "-", "name": "uvicorn.error", "lineno": 264, "message": "Shutting down"}
{"asctime": "2026-04-30T15:55:47", "msecs": 364.0, "levelname": "INFO", "correlation_id": "-", "name": "uvicorn.error", "lineno": 67, "message": "Waiting for application shutdown."}
{"asctime": "2026-04-30T15:55:47", "msecs": 369.0, "levelname": "INFO", "correlation_id": "-", "name": "uvicorn.error", "lineno": 76, "message": "Application shutdown complete."}
{"asctime": "2026-04-30T15:55:47", "msecs": 372.0, "levelname": "INFO", "correlation_id": "-", "name": "uvicorn.error", "lineno": 94, "message": "Finished server process [1259]", "color_message": "Finished server process [\u001b[36m%d\u001b[0m]"}
{"asctime": "2026-04-30T15:55:47", "msecs": 865.0, "levelname": "INFO", "correlation_id": "-", "name": "storeapi.main", "lineno": 18, "message": "Hello World"}
{"asctime": "2026-04-30T15:55:47", "msecs": 869.0, "levelname": "INFO", "correlation_id": "-", "name": "uvicorn.error", "lineno": 62, "message": "Application startup complete."}
{"asctime": "2026-04-30T16:27:43", "msecs": 654.0, "levelname": "INFO", "correlation_id": "-", "name": "uvicorn.error", "lineno": 264, "message": "Shutting down"}
{"asctime": "2026-04-30T16:27:43", "msecs": 766.0, "levelname": "INFO", "correlation_id": "-", "name": "uvicorn.error", "lineno": 67, "message": "Waiting for application shutdown."}
{"asctime": "2026-04-30T16:27:43", "msecs": 771.0, "levelname": "INFO", "correlation_id": "-", "name": "uvicorn.error", "lineno": 76, "message": "Application shutdown complete."}
{"asctime": "2026-04-30T16:27:43", "msecs": 774.0, "levelname": "INFO", "correlation_id": "-", "name": "uvicorn.error", "lineno": 94, "message": "Finished server process [1417]", "color_message": "Finished server process [\u001b[36m%d\u001b[0m]"}
{"asctime": "2026-04-30T16:27:44", "msecs": 283.0, "levelname": "INFO", "correlation_id": "-", "name": "storeapi.main", "lineno": 18, "message": "Hello World"}
{"asctime": "2026-04-30T16:27:44", "msecs": 287.0, "levelname": "INFO", "correlation_id": "-", "name": "uvicorn.error", "lineno": 62, "message": "Application startup complete."}
{"asctime": "2026-04-30T16:27:48", "msecs": 937.0, "levelname": "INFO", "correlation_id": "-", "name": "uvicorn.error", "lineno": 264, "message": "Shutting down"}
{"asctime": "2026-04-30T16:27:49", "msecs": 42.0, "levelname": "INFO", "correlation_id": "-", "name": "uvicorn.error", "lineno": 67, "message": "Waiting for application shutdown."}
{"asctime": "2026-04-30T16:27:49", "msecs": 46.0, "levelname": "INFO", "correlation_id": "-", "name": "uvicorn.error", "lineno": 76, "message": "Application shutdown complete."}
{"asctime": "2026-04-30T16:27:49", "msecs": 48.0, "levelname": "INFO", "correlation_id": "-", "name": "uvicorn.error", "lineno": 94, "message": "Finished server process [3376]", "color_message": "Finished server process [\u001b[36m%d\u001b[0m]"}
{"asctime": "2026-04-30T16:27:49", "msecs": 386.0, "levelname": "INFO", "correlation_id": "-", "name": "storeapi.main", "lineno": 18, "message": "Hello World"}
{"asctime": "2026-04-30T16:27:49", "msecs": 389.0, "levelname": "INFO", "correlation_id": "-", "name": "uvicorn.error", "lineno": 62, "message": "Application startup complete."}
{"asctime": "2026-04-30T16:27:58", "msecs": 489.0, "levelname": "INFO", "correlation_id": "-", "name": "uvicorn.error", "lineno": 264, "message": "Shutting down"}
{"asctime": "2026-04-30T16:27:58", "msecs": 594.0, "levelname": "INFO", "correlation_id": "-", "name": "uvicorn.error", "lineno": 67, "message": "Waiting for application shutdown."}
{"asctime": "2026-04-30T16:27:58", "msecs": 595.0, "levelname": "INFO", "correlation_id": "-", "name": "uvicorn.error", "lineno": 76, "message": "Application shutdown complete."}
{"asctime": "2026-04-30T16:27:58", "msecs": 596.0, "levelname": "INFO", "correlation_id": "-", "name": "uvicorn.error", "lineno": 94, "message": "Finished server process [3406]", "color_message": "Finished server process [\u001b[36m%d\u001b[0m]"}
{"asctime": "2026-04-30T16:29:04", "msecs": 587.0, "levelname": "INFO", "correlation_id": "-", "name": "storeapi.main", "lineno": 18, "message": "Hello World"}
{"asctime": "2026-04-30T16:29:04", "msecs": 590.0, "levelname": "INFO", "correlation_id": "-", "name": "uvicorn.error", "lineno": 62, "message": "Application startup complete."}
{"asctime": "2026-04-30T16:29:12", "msecs": 476.0, "levelname": "INFO", "correlation_id": "-", "name": "uvicorn.error", "lineno": 264, "message": "Shutting down"}
{"asctime": "2026-04-30T16:29:12", "msecs": 584.0, "levelname": "INFO", "correlation_id": "-", "name": "uvicorn.error", "lineno": 67, "message": "Waiting for application shutdown."}
{"asctime": "2026-04-30T16:29:12", "msecs": 586.0, "levelname": "INFO", "correlation_id": "-", "name": "uvicorn.error", "lineno": 76, "message": "Application shutdown complete."}
{"asctime": "2026-04-30T16:29:12", "msecs": 588.0, "levelname": "INFO", "correlation_id": "-", "name": "uvicorn.error", "lineno": 94, "message": "Finished server process [3702]", "color_message": "Finished server process [\u001b[36m%d\u001b[0m]"}
{"asctime": "2026-04-30T16:29:15", "msecs": 797.0, "levelname": "INFO", "correlation_id": "-", "name": "storeapi.main", "lineno": 18, "message": "Hello World"}
{"asctime": "2026-04-30T16:29:15", "msecs": 801.0, "levelname": "INFO", "correlation_id": "-", "name": "uvicorn.error", "lineno": 62, "message": "Application startup complete."}
{"asctime": "2026-04-30T16:29:16", "msecs": 609.0, "levelname": "INFO", "correlation_id": "-", "name": "uvicorn.error", "lineno": 264, "message": "Shutting down"}
{"asctime": "2026-04-30T16:29:16", "msecs": 712.0, "levelname": "INFO", "correlation_id": "-", "name": "uvicorn.error", "lineno": 67, "message": "Waiting for application shutdown."}
{"asctime": "2026-04-30T16:29:16", "msecs": 716.0, "levelname": "INFO", "correlation_id": "-", "name": "uvicorn.error", "lineno": 76, "message": "Application shutdown complete."}
{"asctime": "2026-04-30T16:29:16", "msecs": 717.0, "levelname": "INFO", "correlation_id": "-", "name": "uvicorn.error", "lineno": 94, "message": "Finished server process [3749]", "color_message": "Finished server process [\u001b[36m%d\u001b[0m]"}
{"asctime": "2026-04-30T16:29:20", "msecs": 679.0, "levelname": "INFO", "correlation_id": "-", "name": "storeapi.main", "lineno": 18, "message": "Hello World"}
{"asctime": "2026-04-30T16:29:20", "msecs": 683.0, "levelname": "INFO", "correlation_id": "-", "name": "uvicorn.error", "lineno": 62, "message": "Application startup complete."}
{"asctime": "2026-04-30T16:29:23", "msecs": 312.0, "levelname": "INFO", "correlation_id": "-", "name": "uvicorn.error", "lineno": 264, "message": "Shutting down"}
{"asctime": "2026-04-30T16:29:23", "msecs": 416.0, "levelname": "INFO", "correlation_id": "-", "name": "uvicorn.error", "lineno": 67, "message": "Waiting for application shutdown."}
{"asctime": "2026-04-30T16:29:23", "msecs": 418.0, "levelname": "INFO", "correlation_id": "-", "name": "uvicorn.error", "lineno": 76, "message": "Application shutdown complete."}
{"asctime": "2026-04-30T16:29:23", "msecs": 420.0, "levelname": "INFO", "correlation_id": "-", "name": "uvicorn.error", "lineno": 94, "message": "Finished server process [3775]", "color_message": "Finished server process [\u001b[36m%d\u001b[0m]"}
{"asctime": "2026-04-30T16:29:23", "msecs": 892.0, "levelname": "INFO", "correlation_id": "-", "name": "storeapi.main", "lineno": 18, "message": "Hello World"}
{"asctime": "2026-04-30T16:29:23", "msecs": 920.0, "levelname": "INFO", "correlation_id": "-", "name": "uvicorn.error", "lineno": 62, "message": "Application startup complete."}
{"asctime": "2026-04-30T16:29:27", "msecs": 55.0, "levelname": "INFO", "correlation_id": "-", "name": "uvicorn.error", "lineno": 264, "message": "Shutting down"}
{"asctime": "2026-04-30T16:29:27", "msecs": 160.0, "levelname": "INFO", "correlation_id": "-", "name": "uvicorn.error", "lineno": 67, "message": "Waiting for application shutdown."}
{"asctime": "2026-04-30T16:29:27", "msecs": 162.0, "levelname": "INFO", "correlation_id": "-", "name": "uvicorn.error", "lineno": 76, "message": "Application shutdown complete."}
{"asctime": "2026-04-30T16:29:27", "msecs": 163.0, "levelname": "INFO", "correlation_id": "-", "name": "uvicorn.error", "lineno": 94, "message": "Finished server process [3782]", "color_message": "Finished server process [\u001b[36m%d\u001b[0m]"}
{"asctime": "2026-04-30T16:29:27", "msecs": 492.0, "levelname": "INFO", "correlation_id": "-", "name": "storeapi.main", "lineno": 18, "message": "Hello World"}
{"asctime": "2026-04-30T16:29:27", "msecs": 495.0, "levelname": "INFO", "correlation_id": "-", "name": "uvicorn.error", "lineno": 62, "message": "Application startup complete."}
{"asctime": "2026-04-30T16:29:34", "msecs": 670.0, "levelname": "INFO", "correlation_id": "-", "name": "uvicorn.error", "lineno": 264, "message": "Shutting down"}
{"asctime": "2026-04-30T16:29:34", "msecs": 776.0, "levelname": "INFO", "correlation_id": "-", "name": "uvicorn.error", "lineno": 67, "message": "Waiting for application shutdown."}
{"asctime": "2026-04-30T16:29:34", "msecs": 779.0, "levelname": "INFO", "correlation_id": "-", "name": "uvicorn.error", "lineno": 76, "message": "Application shutdown complete."}
{"asctime": "2026-04-30T16:29:34", "msecs": 780.0, "levelname": "INFO", "correlation_id": "-", "name": "uvicorn.error", "lineno": 94, "message": "Finished server process [3803]", "color_message": "Finished server process [\u001b[36m%d\u001b[0m]"}
{"asctime": "2026-04-30T16:29:35", "msecs": 116.0, "levelname": "INFO", "correlation_id": "-", "name": "storeapi.main", "lineno": 18, "message": "Hello World"}
{"asctime": "2026-04-30T16:29:35", "msecs": 119.0, "levelname": "INFO", "correlation_id": "-", "name": "uvicorn.error", "lineno": 62, "message": "Application startup complete."}
{"asctime": "2026-04-30T16:29:45", "msecs": 534.0, "levelname": "INFO", "correlation_id": "-", "name": "uvicorn.error", "lineno": 264, "message": "Shutting down"}
{"asctime": "2026-04-30T16:29:45", "msecs": 641.0, "levelname": "INFO", "correlation_id": "-", "name": "uvicorn.error", "lineno": 67, "message": "Waiting for application shutdown."}
{"asctime": "2026-04-30T16:29:45", "msecs": 643.0, "levelname": "INFO", "correlation_id": "-", "name": "uvicorn.error", "lineno": 76, "message": "Application shutdown complete."}
{"asctime": "2026-04-30T16:29:45", "msecs": 644.0, "levelname": "INFO", "correlation_id": "-", "name": "uvicorn.error", "lineno": 94, "message": "Finished server process [3835]", "color_message": "Finished server process [\u001b[36m%d\u001b[0m]"}
{"asctime": "2026-04-30T16:29:46", "msecs": 75.0, "levelname": "INFO", "correlation_id": "-", "name": "storeapi.main", "lineno": 18, "message": "Hello World"}
{"asctime": "2026-04-30T16:29:46", "msecs": 79.0, "levelname": "INFO", "correlation_id": "-", "name": "uvicorn.error", "lineno": 62, "message": "Application startup complete."}
{"asctime": "2026-04-30T16:29:49", "msecs": 110.0, "levelname": "INFO", "correlation_id": "-", "name": "uvicorn.error", "lineno": 264, "message": "Shutting down"}
{"asctime": "2026-04-30T16:29:49", "msecs": 213.0, "levelname": "INFO", "correlation_id": "-", "name": "uvicorn.error", "lineno": 67, "message": "Waiting for application shutdown."}
{"asctime": "2026-04-30T16:29:49", "msecs": 215.0, "levelname": "INFO", "correlation_id": "-", "name": "uvicorn.error", "lineno": 76, "message": "Application shutdown complete."}
{"asctime": "2026-04-30T16:29:49", "msecs": 216.0, "levelname": "INFO", "correlation_id": "-", "name": "uvicorn.error", "lineno": 94, "message": "Finished server process [3881]", "color_message": "Finished server process [\u001b[36m%d\u001b[0m]"}
{"asctime": "2026-04-30T16:29:49", "msecs": 543.0, "levelname": "INFO", "correlation_id": "-", "name": "storeapi.main", "lineno": 18, "message": "Hello World"}
{"asctime": "2026-04-30T16:29:49", "msecs": 546.0, "levelname": "INFO", "correlation_id": "-", "name": "uvicorn.error", "lineno": 62, "message": "Application startup complete."}
{"asctime": "2026-04-30T16:29:51", "msecs": 365.0, "levelname": "INFO", "correlation_id": "-", "name": "uvicorn.error", "lineno": 264, "message": "Shutting down"}
{"asctime": "2026-04-30T16:29:51", "msecs": 467.0, "levelname": "INFO", "correlation_id": "-", "name": "uvicorn.error", "lineno": 67, "message": "Waiting for application shutdown."}
{"asctime": "2026-04-30T16:29:51", "msecs": 468.0, "levelname": "INFO", "correlation_id": "-", "name": "uvicorn.error", "lineno": 76, "message": "Application shutdown complete."}
{"asctime": "2026-04-30T16:29:51", "msecs": 468.0, "levelname": "INFO", "correlation_id": "-", "name": "uvicorn.error", "lineno": 94, "message": "Finished server process [3903]", "color_message": "Finished server process [\u001b[36m%d\u001b[0m]"}
{"asctime": "2026-04-30T16:29:54", "msecs": 231.0, "levelname": "INFO", "correlation_id": "-", "name": "storeapi.main", "lineno": 18, "message": "Hello World"}
{"asctime": "2026-04-30T16:29:54", "msecs": 234.0, "levelname": "INFO", "correlation_id": "-", "name": "uvicorn.error", "lineno": 62, "message": "Application startup complete."}
{"asctime": "2026-04-30T16:29:55", "msecs": 347.0, "levelname": "INFO", "correlation_id": "-", "name": "uvicorn.error", "lineno": 264, "message": "Shutting down"}
{"asctime": "2026-04-30T16:29:55", "msecs": 452.0, "levelname": "INFO", "correlation_id": "-", "name": "uvicorn.error", "lineno": 67, "message": "Waiting for application shutdown."}
{"asctime": "2026-04-30T16:29:55", "msecs": 457.0, "levelname": "INFO", "correlation_id": "-", "name": "uvicorn.error", "lineno": 76, "message": "Application shutdown complete."}
{"asctime": "2026-04-30T16:29:55", "msecs": 459.0, "levelname": "INFO", "correlation_id": "-", "name": "uvicorn.error", "lineno": 94, "message": "Finished server process [3930]", "color_message": "Finished server process [\u001b[36m%d\u001b[0m]"}
{"asctime": "2026-04-30T16:29:55", "msecs": 829.0, "levelname": "INFO", "correlation_id": "-", "name": "storeapi.main", "lineno": 18, "message": "Hello World"}
{"asctime": "2026-04-30T16:29:55", "msecs": 832.0, "levelname": "INFO", "correlation_id": "-", "name": "uvicorn.error", "lineno": 62, "message": "Application startup complete."}
{"asctime": "2026-04-30T16:30:00", "msecs": 889.0, "levelname": "INFO", "correlation_id": "-", "name": "uvicorn.error", "lineno": 264, "message": "Shutting down"}
{"asctime": "2026-04-30T16:30:00", "msecs": 995.0, "levelname": "INFO", "correlation_id": "-", "name": "uvicorn.error", "lineno": 67, "message": "Waiting for application shutdown."}
{"asctime": "2026-04-30T16:30:00", "msecs": 996.0, "levelname": "INFO", "correlation_id": "-", "name": "uvicorn.error", "lineno": 76, "message": "Application shutdown complete."}
{"asctime": "2026-04-30T16:30:00", "msecs": 996.0, "levelname": "INFO", "correlation_id": "-", "name": "uvicorn.error", "lineno": 94, "message": "Finished server process [3940]", "color_message": "Finished server process [\u001b[36m%d\u001b[0m]"}
{"asctime": "2026-04-30T16:30:03", "msecs": 300.0, "levelname": "INFO", "correlation_id": "-", "name": "storeapi.main", "lineno": 18, "message": "Hello World"}
{"asctime": "2026-04-30T16:30:03", "msecs": 303.0, "levelname": "INFO", "correlation_id": "-", "name": "uvicorn.error", "lineno": 62, "message": "Application startup complete."}
{"asctime": "2026-04-30T16:30:24", "msecs": 433.0, "levelname": "INFO", "correlation_id": "-", "name": "uvicorn.error", "lineno": 264, "message": "Shutting down"}
{"asctime": "2026-04-30T16:30:24", "msecs": 540.0, "levelname": "INFO", "correlation_id": "-", "name": "uvicorn.error", "lineno": 67, "message": "Waiting for application shutdown."}
{"asctime": "2026-04-30T16:30:24", "msecs": 543.0, "levelname": "INFO", "correlation_id": "-", "name": "uvicorn.error", "lineno": 76, "message": "Application shutdown complete."}
{"asctime": "2026-04-30T16:30:24", "msecs": 549.0, "levelname": "INFO", "correlation_id": "-", "name": "uvicorn.error", "lineno": 94, "message": "Finished server process [3974]", "color_message": "Finished server process [\u001b[36m%d\u001b[0m]"}
{"asctime": "2026-04-30T16:30:25", "msecs": 10.0, "levelname": "INFO", "correlation_id": "-", "name": "storeapi.main", "lineno": 18, "message": "Hello World"}
{"asctime": "2026-04-30T16:30:25", "msecs": 14.0, "levelname": "INFO", "correlation_id": "-", "name": "uvicorn.error", "lineno": 62, "message": "Application startup complete."}
{"asctime": "2026-04-30T16:30:27", "msecs": 340.0, "levelname": "INFO", "correlation_id": "-", "name": "uvicorn.error", "lineno": 264, "message": "Shutting down"}
{"asctime": "2026-04-30T16:30:27", "msecs": 444.0, "levelname": "INFO", "correlation_id": "-", "name": "uvicorn.error", "lineno": 67, "message": "Waiting for application shutdown."}
{"asctime": "2026-04-30T16:30:27", "msecs": 447.0, "levelname": "INFO", "correlation_id": "-", "name": "uvicorn.error", "lineno": 76, "message": "Application shutdown complete."}
{"asctime": "2026-04-30T16:30:27", "msecs": 449.0, "levelname": "INFO", "correlation_id": "-", "name": "uvicorn.error", "lineno": 94, "message": "Finished server process [4049]", "color_message": "Finished server process [\u001b[36m%d\u001b[0m]"}
{"asctime": "2026-04-30T16:30:27", "msecs": 779.0, "levelname": "INFO", "correlation_id": "-", "name": "storeapi.main", "lineno": 18, "message": "Hello World"}
{"asctime": "2026-04-30T16:30:27", "msecs": 782.0, "levelname": "INFO", "correlation_id": "-", "name": "uvicorn.error", "lineno": 62, "message": "Application startup complete."}
{"asctime": "2026-04-30T16:30:29", "msecs": 502.0, "levelname": "INFO", "correlation_id": "-", "name": "uvicorn.error", "lineno": 264, "message": "Shutting down"}
{"asctime": "2026-04-30T16:30:29", "msecs": 607.0, "levelname": "INFO", "correlation_id": "-", "name": "uvicorn.error", "lineno": 67, "message": "Waiting for application shutdown."}
{"asctime": "2026-04-30T16:30:29", "msecs": 610.0, "levelname": "INFO", "correlation_id": "-", "name": "uvicorn.error", "lineno": 76, "message": "Application shutdown complete."}
{"asctime": "2026-04-30T16:30:29", "msecs": 612.0, "levelname": "INFO", "correlation_id": "-", "name": "uvicorn.error", "lineno": 94, "message": "Finished server process [4066]", "color_message": "Finished server process [\u001b[36m%d\u001b[0m]"}
{"asctime": "2026-04-30T16:30:57", "msecs": 35.0, "levelname": "INFO", "correlation_id": "-", "name": "storeapi.main", "lineno": 18, "message": "Hello World"}
{"asctime": "2026-04-30T16:30:57", "msecs": 39.0, "levelname": "INFO", "correlation_id": "-", "name": "uvicorn.error", "lineno": 62, "message": "Application startup complete."}
{"asctime": "2026-04-30T16:32:54", "msecs": 707.0, "levelname": "INFO", "correlation_id": "-", "name": "uvicorn.error", "lineno": 264, "message": "Shutting down"}
{"asctime": "2026-04-30T16:32:54", "msecs": 815.0, "levelname": "INFO", "correlation_id": "-", "name": "uvicorn.error", "lineno": 67, "message": "Waiting for application shutdown."}
{"asctime": "2026-04-30T16:32:54", "msecs": 821.0, "levelname": "INFO", "correlation_id": "-", "name": "uvicorn.error", "lineno": 76, "message": "Application shutdown complete."}
{"asctime": "2026-04-30T16:32:54", "msecs": 830.0, "levelname": "INFO", "correlation_id": "-", "name": "uvicorn.error", "lineno": 94, "message": "Finished server process [4193]", "color_message": "Finished server process [\u001b[36m%d\u001b[0m]"}
{"asctime": "2026-04-30T16:33:17", "msecs": 788.0, "levelname": "INFO", "correlation_id": "-", "name": "storeapi.main", "lineno": 18, "message": "Hello World"}
{"asctime": "2026-04-30T16:33:17", "msecs": 792.0, "levelname": "INFO", "correlation_id": "-", "name": "uvicorn.error", "lineno": 62, "message": "Application startup complete."}
{"asctime": "2026-04-30T16:33:20", "msecs": 828.0, "levelname": "INFO", "correlation_id": "-", "name": "uvicorn.error", "lineno": 264, "message": "Shutting down"}
{"asctime": "2026-04-30T16:33:20", "msecs": 931.0, "levelname": "INFO", "correlation_id": "-", "name": "uvicorn.error", "lineno": 67, "message": "Waiting for application shutdown."}
{"asctime": "2026-04-30T16:33:20", "msecs": 934.0, "levelname": "INFO", "correlation_id": "-", "name": "uvicorn.error", "lineno": 76, "message": "Application shutdown complete."}
{"asctime": "2026-04-30T16:33:20", "msecs": 936.0, "levelname": "INFO", "correlation_id": "-", "name": "uvicorn.error", "lineno": 94, "message": "Finished server process [4665]", "color_message": "Finished server process [\u001b[36m%d\u001b[0m]"}
{"asctime": "2026-04-30T16:33:21", "msecs": 296.0, "levelname": "INFO", "correlation_id": "-", "name": "storeapi.main", "lineno": 18, "message": "Hello World"}
{"asctime": "2026-04-30T16:33:21", "msecs": 300.0, "levelname": "INFO", "correlation_id": "-", "name": "uvicorn.error", "lineno": 62, "message": "Application startup complete."}
{"asctime": "2026-04-30T16:33:23", "msecs": 326.0, "levelname": "INFO", "correlation_id": "-", "name": "uvicorn.error", "lineno": 264, "message": "Shutting down"}
{"asctime": "2026-04-30T16:33:23", "msecs": 432.0, "levelname": "INFO", "correlation_id": "-", "name": "uvicorn.error", "lineno": 67, "message": "Waiting for application shutdown."}
{"asctime": "2026-04-30T16:33:23", "msecs": 434.0, "levelname": "INFO", "correlation_id": "-", "name": "uvicorn.error", "lineno": 76, "message": "Application shutdown complete."}
{"asctime": "2026-04-30T16:33:23", "msecs": 435.0, "levelname": "INFO", "correlation_id": "-", "name": "uvicorn.error", "lineno": 94, "message": "Finished server process [4683]", "color_message": "Finished server process [\u001b[36m%d\u001b[0m]"}
{"asctime": "2026-04-30T16:33:25", "msecs": 251.0, "levelname": "INFO", "correlation_id": "-", "name": "storeapi.main", "lineno": 18, "message": "Hello World"}
{"asctime": "2026-04-30T16:33:25", "msecs": 254.0, "levelname": "INFO", "correlation_id": "-", "name": "uvicorn.error", "lineno": 62, "message": "Application startup complete."}
{"asctime": "2026-04-30T16:33:27", "msecs": 477.0, "levelname": "INFO", "correlation_id": "-", "name": "uvicorn.error", "lineno": 264, "message": "Shutting down"}
{"asctime": "2026-04-30T16:33:27", "msecs": 582.0, "levelname": "INFO", "correlation_id": "-", "name": "uvicorn.error", "lineno": 67, "message": "Waiting for application shutdown."}
{"asctime": "2026-04-30T16:33:27", "msecs": 587.0, "levelname": "INFO", "correlation_id": "-", "name": "uvicorn.error", "lineno": 76, "message": "Application shutdown complete."}
{"asctime": "2026-04-30T16:33:27", "msecs": 589.0, "levelname": "INFO", "correlation_id": "-", "name": "uvicorn.error", "lineno": 94, "message": "Finished server process [4708]", "color_message": "Finished server process [\u001b[36m%d\u001b[0m]"}
{"asctime": "2026-04-30T16:33:27", "msecs": 931.0, "levelname": "INFO", "correlation_id": "-", "name": "storeapi.main", "lineno": 18, "message": "Hello World"}
{"asctime": "2026-04-30T16:33:27", "msecs": 935.0, "levelname": "INFO", "correlation_id": "-", "name": "uvicorn.error", "lineno": 62, "message": "Application startup complete."}
{"asctime": "2026-04-30T16:33:30", "msecs": 969.0, "levelname": "INFO", "correlation_id": "-", "name": "uvicorn.error", "lineno": 264, "message": "Shutting down"}
{"asctime": "2026-04-30T16:33:31", "msecs": 71.0, "levelname": "INFO", "correlation_id": "-", "name": "uvicorn.error", "lineno": 67, "message": "Waiting for application shutdown."}
{"asctime": "2026-04-30T16:33:31", "msecs": 72.0, "levelname": "INFO", "correlation_id": "-", "name": "uvicorn.error", "lineno": 76, "message": "Application shutdown complete."}
{"asctime": "2026-04-30T16:33:31", "msecs": 73.0, "levelname": "INFO", "correlation_id": "-", "name": "uvicorn.error", "lineno": 94, "message": "Finished server process [4725]", "color_message": "Finished server process [\u001b[36m%d\u001b[0m]"}
{"asctime": "2026-04-30T16:33:31", "msecs": 397.0, "levelname": "INFO", "correlation_id": "-", "name": "storeapi.main", "lineno": 18, "message": "Hello World"}
{"asctime": "2026-04-30T16:33:31", "msecs": 401.0, "levelname": "INFO", "correlation_id": "-", "name": "uvicorn.error", "lineno": 62, "message": "Application startup complete."}
{"asctime": "2026-04-30T16:33:33", "msecs": 19.0, "levelname": "INFO", "correlation_id": "-", "name": "uvicorn.error", "lineno": 264, "message": "Shutting down"}
{"asctime": "2026-04-30T16:33:33", "msecs": 124.0, "levelname": "INFO", "correlation_id": "-", "name": "uvicorn.error", "lineno": 67, "message": "Waiting for application shutdown."}
{"asctime": "2026-04-30T16:33:33", "msecs": 126.0, "levelname": "INFO", "correlation_id": "-", "name": "uvicorn.error", "lineno": 76, "message": "Application shutdown complete."}
{"asctime": "2026-04-30T16:33:33", "msecs": 128.0, "levelname": "INFO", "correlation_id": "-", "name": "uvicorn.error", "lineno": 94, "message": "Finished server process [4744]", "color_message": "Finished server process [\u001b[36m%d\u001b[0m]"}
{"asctime": "2026-04-30T16:33:33", "msecs": 456.0, "levelname": "INFO", "correlation_id": "-", "name": "storeapi.main", "lineno": 18, "message": "Hello World"}
{"asctime": "2026-04-30T16:33:33", "msecs": 460.0, "levelname": "INFO", "correlation_id": "-", "name": "uvicorn.error", "lineno": 62, "message": "Application startup complete."}
{"asctime": "2026-04-30T16:33:38", "msecs": 311.0, "levelname": "INFO", "correlation_id": "-", "name": "uvicorn.error", "lineno": 264, "message": "Shutting down"}
{"asctime": "2026-04-30T16:33:38", "msecs": 419.0, "levelname": "INFO", "correlation_id": "-", "name": "uvicorn.error", "lineno": 67, "message": "Waiting for application shutdown."}
{"asctime": "2026-04-30T16:33:38", "msecs": 421.0, "levelname": "INFO", "correlation_id": "-", "name": "uvicorn.error", "lineno": 76, "message": "Application shutdown complete."}
{"asctime": "2026-04-30T16:33:38", "msecs": 423.0, "levelname": "INFO", "correlation_id": "-", "name": "uvicorn.error", "lineno": 94, "message": "Finished server process [4754]", "color_message": "Finished server process [\u001b[36m%d\u001b[0m]"}
{"asctime": "2026-04-30T16:33:38", "msecs": 796.0, "levelname": "INFO", "correlation_id": "-", "name": "storeapi.main", "lineno": 18, "message": "Hello World"}
{"asctime": "2026-04-30T16:33:38", "msecs": 799.0, "levelname": "INFO", "correlation_id": "-", "name": "uvicorn.error", "lineno": 62, "message": "Application startup complete."}
{"asctime": "2026-04-30T16:33:41", "msecs": 730.0, "levelname": "INFO", "correlation_id": "-", "name": "uvicorn.error", "lineno": 264, "message": "Shutting down"}
{"asctime": "2026-04-30T16:33:41", "msecs": 836.0, "levelname": "INFO", "correlation_id": "-", "name": "uvicorn.error", "lineno": 67, "message": "Waiting for application shutdown."}
{"asctime": "2026-04-30T16:33:41", "msecs": 841.0, "levelname": "INFO", "correlation_id": "-", "name": "uvicorn.error", "lineno": 76, "message": "Application shutdown complete."}
{"asctime": "2026-04-30T16:33:41", "msecs": 843.0, "levelname": "INFO", "correlation_id": "-", "name": "uvicorn.error", "lineno": 94, "message": "Finished server process [4776]", "color_message": "Finished server process [\u001b[36m%d\u001b[0m]"}
{"asctime": "2026-04-30T16:33:42", "msecs": 185.0, "levelname": "INFO", "correlation_id": "-", "name": "storeapi.main", "lineno": 18, "message": "Hello World"}
{"asctime": "2026-04-30T16:33:42", "msecs": 188.0, "levelname": "INFO", "correlation_id": "-", "name": "uvicorn.error", "lineno": 62, "message": "Application startup complete."}
{"asctime": "2026-04-30T16:33:44", "msecs": 513.0, "levelname": "INFO", "correlation_id": "-", "name": "uvicorn.error", "lineno": 264, "message": "Shutting down"}
{"asctime": "2026-04-30T16:33:44", "msecs": 620.0, "levelname": "INFO", "correlation_id": "-", "name": "uvicorn.error", "lineno": 67, "message": "Waiting for application shutdown."}
{"asctime": "2026-04-30T16:33:44", "msecs": 623.0, "levelname": "INFO", "correlation_id": "-", "name": "uvicorn.error", "lineno": 76, "message": "Application shutdown complete."}
{"asctime": "2026-04-30T16:33:44", "msecs": 624.0, "levelname": "INFO", "correlation_id": "-", "name": "uvicorn.error", "lineno": 94, "message": "Finished server process [4790]", "color_message": "Finished server process [\u001b[36m%d\u001b[0m]"}
{"asctime": "2026-04-30T16:33:44", "msecs": 959.0, "levelname": "INFO", "correlation_id": "-", "name": "storeapi.main", "lineno": 18, "message": "Hello World"}
{"asctime": "2026-04-30T16:33:44", "msecs": 962.0, "levelname": "INFO", "correlation_id": "-", "name": "uvicorn.error", "lineno": 62, "message": "Application startup complete."}
{"asctime": "2026-04-30T16:33:46", "msecs": 175.0, "levelname": "INFO", "correlation_id": "-", "name": "uvicorn.error", "lineno": 264, "message": "Shutting down"}
{"asctime": "2026-04-30T16:33:46", "msecs": 276.0, "levelname": "INFO", "correlation_id": "-", "name": "uvicorn.error", "lineno": 67, "message": "Waiting for application shutdown."}
{"asctime": "2026-04-30T16:33:46", "msecs": 279.0, "levelname": "INFO", "correlation_id": "-", "name": "uvicorn.error", "lineno": 76, "message": "Application shutdown complete."}
{"asctime": "2026-04-30T16:33:46", "msecs": 280.0, "levelname": "INFO", "correlation_id": "-", "name": "uvicorn.error", "lineno": 94, "message": "Finished server process [4802]", "color_message": "Finished server process [\u001b[36m%d\u001b[0m]"}
{"asctime": "2026-04-30T16:33:47", "msecs": 940.0, "levelname": "INFO", "correlation_id": "-", "name": "storeapi.main", "lineno": 18, "message": "Hello World"}
{"asctime": "2026-04-30T16:33:47", "msecs": 943.0, "levelname": "INFO", "correlation_id": "-", "name": "uvicorn.error", "lineno": 62, "message": "Application startup complete."}
{"asctime": "2026-04-30T16:33:52", "msecs": 292.0, "levelname": "INFO", "correlation_id": "-", "name": "uvicorn.error", "lineno": 264, "message": "Shutting down"}
{"asctime": "2026-04-30T16:33:52", "msecs": 399.0, "levelname": "INFO", "correlation_id": "-", "name": "uvicorn.error", "lineno": 67, "message": "Waiting for application shutdown."}
{"asctime": "2026-04-30T16:33:52", "msecs": 403.0, "levelname": "INFO", "correlation_id": "-", "name": "uvicorn.error", "lineno": 76, "message": "Application shutdown complete."}
{"asctime": "2026-04-30T16:33:52", "msecs": 404.0, "levelname": "INFO", "correlation_id": "-", "name": "uvicorn.error", "lineno": 94, "message": "Finished server process [4816]", "color_message": "Finished server process [\u001b[36m%d\u001b[0m]"}
{"asctime": "2026-04-30T16:33:52", "msecs": 742.0, "levelname": "INFO", "correlation_id": "-", "name": "storeapi.main", "lineno": 18, "message": "Hello World"}
{"asctime": "2026-04-30T16:33:52", "msecs": 745.0, "levelname": "INFO", "correlation_id": "-", "name": "uvicorn.error", "lineno": 62, "message": "Application startup complete."}
{"asctime": "2026-04-30T16:33:56", "msecs": 696.0, "levelname": "INFO", "correlation_id": "-", "name": "uvicorn.error", "lineno": 264, "message": "Shutting down"}
{"asctime": "2026-04-30T16:33:56", "msecs": 805.0, "levelname": "INFO", "correlation_id": "-", "name": "uvicorn.error", "lineno": 67, "message": "Waiting for application shutdown."}
{"asctime": "2026-04-30T16:33:56", "msecs": 810.0, "levelname": "INFO", "correlation_id": "-", "name": "uvicorn.error", "lineno": 76, "message": "Application shutdown complete."}
{"asctime": "2026-04-30T16:33:56", "msecs": 812.0, "levelname": "INFO", "correlation_id": "-", "name": "uvicorn.error", "lineno": 94, "message": "Finished server process [4838]", "color_message": "Finished server process [\u001b[36m%d\u001b[0m]"}
{"asctime": "2026-04-30T16:33:57", "msecs": 168.0, "levelname": "INFO", "correlation_id": "-", "name": "storeapi.main", "lineno": 18, "message": "Hello World"}
{"asctime": "2026-04-30T16:33:57", "msecs": 171.0, "levelname": "INFO", "correlation_id": "-", "name": "uvicorn.error", "lineno": 62, "message": "Application startup complete."}
{"asctime": "2026-04-30T16:34:21", "msecs": 845.0, "levelname": "INFO", "correlation_id": "-", "name": "uvicorn.error", "lineno": 264, "message": "Shutting down"}
{"asctime": "2026-04-30T16:34:21", "msecs": 952.0, "levelname": "INFO", "correlation_id": "-", "name": "uvicorn.error", "lineno": 67, "message": "Waiting for application shutdown."}
{"asctime": "2026-04-30T16:34:21", "msecs": 955.0, "levelname": "INFO", "correlation_id": "-", "name": "uvicorn.error", "lineno": 76, "message": "Application shutdown complete."}
{"asctime": "2026-04-30T16:34:21", "msecs": 956.0, "levelname": "INFO", "correlation_id": "-", "name": "uvicorn.error", "lineno": 94, "message": "Finished server process [4859]", "color_message": "Finished server process [\u001b[36m%d\u001b[0m]"}
{"asctime": "2026-04-30T16:34:22", "msecs": 463.0, "levelname": "INFO", "correlation_id": "-", "name": "storeapi.main", "lineno": 18, "message": "Hello World"}
{"asctime": "2026-04-30T16:34:22", "msecs": 466.0, "levelname": "INFO", "correlation_id": "-", "name": "uvicorn.error", "lineno": 62, "message": "Application startup complete."}
{"asctime": "2026-04-30T16:34:24", "msecs": 791.0, "levelname": "INFO", "correlation_id": "-", "name": "uvicorn.error", "lineno": 264, "message": "Shutting down"}
{"asctime": "2026-04-30T16:34:24", "msecs": 898.0, "levelname": "INFO", "correlation_id": "-", "name": "uvicorn.error", "lineno": 67, "message": "Waiting for application shutdown."}
{"asctime": "2026-04-30T16:34:24", "msecs": 903.0, "levelname": "INFO", "correlation_id": "-", "name": "uvicorn.error", "lineno": 76, "message": "Application shutdown complete."}
{"asctime": "2026-04-30T16:34:24", "msecs": 905.0, "levelname": "INFO", "correlation_id": "-", "name": "uvicorn.error", "lineno": 94, "message": "Finished server process [4944]", "color_message": "Finished server process [\u001b[36m%d\u001b[0m]"}
{"asctime": "2026-04-30T16:34:29", "msecs": 537.0, "levelname": "INFO", "correlation_id": "-", "name": "storeapi.main", "lineno": 18, "message": "Hello World"}
{"asctime": "2026-04-30T16:34:29", "msecs": 541.0, "levelname": "INFO", "correlation_id": "-", "name": "uvicorn.error", "lineno": 62, "message": "Application startup complete."}
{"asctime": "2026-04-30T16:34:56", "msecs": 741.0, "levelname": "INFO", "correlation_id": "-", "name": "uvicorn.error", "lineno": 264, "message": "Shutting down"}
{"asctime": "2026-04-30T16:34:56", "msecs": 844.0, "levelname": "INFO", "correlation_id": "-", "name": "uvicorn.error", "lineno": 67, "message": "Waiting for application shutdown."}
{"asctime": "2026-04-30T16:34:56", "msecs": 846.0, "levelname": "INFO", "correlation_id": "-", "name": "uvicorn.error", "lineno": 76, "message": "Application shutdown complete."}
{"asctime": "2026-04-30T16:34:56", "msecs": 846.0, "levelname": "INFO", "correlation_id": "-", "name": "uvicorn.error", "lineno": 94, "message": "Finished server process [4984]", "color_message": "Finished server process [\u001b[36m%d\u001b[0m]"}
{"asctime": "2026-04-30T16:34:57", "msecs": 260.0, "levelname": "INFO", "correlation_id": "-", "name": "storeapi.main", "lineno": 18, "message": "Hello World"}
{"asctime": "2026-04-30T16:34:57", "msecs": 265.0, "levelname": "INFO", "correlation_id": "-", "name": "uvicorn.error", "lineno": 62, "message": "Application startup complete."}
{"asctime": "2026-04-30T16:34:59", "msecs": 793.0, "levelname": "INFO", "correlation_id": "-", "name": "uvicorn.error", "lineno": 264, "message": "Shutting down"}
{"asctime": "2026-04-30T16:34:59", "msecs": 899.0, "levelname": "INFO", "correlation_id": "-", "name": "uvicorn.error", "lineno": 67, "message": "Waiting for application shutdown."}
{"asctime": "2026-04-30T16:34:59", "msecs": 901.0, "levelname": "INFO", "correlation_id": "-", "name": "uvicorn.error", "lineno": 76, "message": "Application shutdown complete."}
{"asctime": "2026-04-30T16:34:59", "msecs": 902.0, "levelname": "INFO", "correlation_id": "-", "name": "uvicorn.error", "lineno": 94, "message": "Finished server process [5073]", "color_message": "Finished server process [\u001b[36m%d\u001b[0m]"}
{"asctime": "2026-04-30T16:35:00", "msecs": 253.0, "levelname": "INFO", "correlation_id": "-", "name": "storeapi.main", "lineno": 18, "message": "Hello World"}
{"asctime": "2026-04-30T16:35:00", "msecs": 256.0, "levelname": "INFO", "correlation_id": "-", "name": "uvicorn.error", "lineno": 62, "message": "Application startup complete."}
{"asctime": "2026-04-30T16:35:02", "msecs": 176.0, "levelname": "INFO", "correlation_id": "-", "name": "uvicorn.error", "lineno": 264, "message": "Shutting down"}
{"asctime": "2026-04-30T16:35:02", "msecs": 281.0, "levelname": "INFO", "correlation_id": "-", "name": "uvicorn.error", "lineno": 67, "message": "Waiting for application shutdown."}
{"asctime": "2026-04-30T16:35:02", "msecs": 285.0, "levelname": "INFO", "correlation_id": "-", "name": "uvicorn.error", "lineno": 76, "message": "Application shutdown complete."}
{"asctime": "2026-04-30T16:35:02", "msecs": 287.0, "levelname": "INFO", "correlation_id": "-", "name": "uvicorn.error", "lineno": 94, "message": "Finished server process [5091]", "color_message": "Finished server process [\u001b[36m%d\u001b[0m]"}
{"asctime": "2026-04-30T16:35:02", "msecs": 629.0, "levelname": "INFO", "correlation_id": "-", "name": "storeapi.main", "lineno": 18, "message": "Hello World"}
{"asctime": "2026-04-30T16:35:02", "msecs": 632.0, "levelname": "INFO", "correlation_id": "-", "name": "uvicorn.error", "lineno": 62, "message": "Application startup complete."}
{"asctime": "2026-04-30T16:35:04", "msecs": 49.0, "levelname": "INFO", "correlation_id": "-", "name": "uvicorn.error", "lineno": 264, "message": "Shutting down"}
{"asctime": "2026-04-30T16:35:04", "msecs": 153.0, "levelname": "INFO", "correlation_id": "-", "name": "uvicorn.error", "lineno": 67, "message": "Waiting for application shutdown."}
{"asctime": "2026-04-30T16:35:04", "msecs": 155.0, "levelname": "INFO", "correlation_id": "-", "name": "uvicorn.error", "lineno": 76, "message": "Application shutdown complete."}
{"asctime": "2026-04-30T16:35:04", "msecs": 157.0, "levelname": "INFO", "correlation_id": "-", "name": "uvicorn.error", "lineno": 94, "message": "Finished server process [5096]", "color_message": "Finished server process [\u001b[36m%d\u001b[0m]"}
{"asctime": "2026-04-30T16:35:04", "msecs": 537.0, "levelname": "INFO", "correlation_id": "-", "name": "storeapi.main", "lineno": 18, "message": "Hello World"}
{"asctime": "2026-04-30T16:35:04", "msecs": 541.0, "levelname": "INFO", "correlation_id": "-", "name": "uvicorn.error", "lineno": 62, "message": "Application startup complete."}
{"asctime": "2026-04-30T16:35:07", "msecs": 572.0, "levelname": "INFO", "correlation_id": "-", "name": "uvicorn.error", "lineno": 264, "message": "Shutting down"}
{"asctime": "2026-04-30T16:35:07", "msecs": 677.0, "levelname": "INFO", "correlation_id": "-", "name": "uvicorn.error", "lineno": 67, "message": "Waiting for application shutdown."}
{"asctime": "2026-04-30T16:35:07", "msecs": 681.0, "levelname": "INFO", "correlation_id": "-", "name": "uvicorn.error", "lineno": 76, "message": "Application shutdown complete."}
{"asctime": "2026-04-30T16:35:07", "msecs": 682.0, "levelname": "INFO", "correlation_id": "-", "name": "uvicorn.error", "lineno": 94, "message": "Finished server process [5108]", "color_message": "Finished server process [\u001b[36m%d\u001b[0m]"}
{"asctime": "2026-04-30T16:35:08", "msecs": 18.0, "levelname": "INFO", "correlation_id": "-", "name": "storeapi.main", "lineno": 18, "message": "Hello World"}
{"asctime": "2026-04-30T16:35:08", "msecs": 21.0, "levelname": "INFO", "correlation_id": "-", "name": "uvicorn.error", "lineno": 62, "message": "Application startup complete."}
{"asctime": "2026-04-30T16:35:14", "msecs": 694.0, "levelname": "INFO", "correlation_id": "-", "name": "uvicorn.error", "lineno": 264, "message": "Shutting down"}
{"asctime": "2026-04-30T16:35:14", "msecs": 801.0, "levelname": "INFO", "correlation_id": "-", "name": "uvicorn.error", "lineno": 67, "message": "Waiting for application shutdown."}
{"asctime": "2026-04-30T16:35:14", "msecs": 806.0, "levelname": "INFO", "correlation_id": "-", "name": "uvicorn.error", "lineno": 76, "message": "Application shutdown complete."}
{"asctime": "2026-04-30T16:35:14", "msecs": 809.0, "levelname": "INFO", "correlation_id": "-", "name": "uvicorn.error", "lineno": 94, "message": "Finished server process [5120]", "color_message": "Finished server process [\u001b[36m%d\u001b[0m]"}
{"asctime": "2026-04-30T16:35:15", "msecs": 154.0, "levelname": "INFO", "correlation_id": "-", "name": "storeapi.main", "lineno": 18, "message": "Hello World"}
{"asctime": "2026-04-30T16:35:15", "msecs": 157.0, "levelname": "INFO", "correlation_id": "-", "name": "uvicorn.error", "lineno": 62, "message": "Application startup complete."}
{"asctime": "2026-04-30T16:35:19", "msecs": 309.0, "levelname": "INFO", "correlation_id": "-", "name": "uvicorn.error", "lineno": 264, "message": "Shutting down"}
{"asctime": "2026-04-30T16:35:19", "msecs": 415.0, "levelname": "INFO", "correlation_id": "-", "name": "uvicorn.error", "lineno": 67, "message": "Waiting for application shutdown."}
{"asctime": "2026-04-30T16:35:19", "msecs": 420.0, "levelname": "INFO", "correlation_id": "-", "name": "uvicorn.error", "lineno": 76, "message": "Application shutdown complete."}
{"asctime": "2026-04-30T16:35:19", "msecs": 423.0, "levelname": "INFO", "correlation_id": "-", "name": "uvicorn.error", "lineno": 94, "message": "Finished server process [5157]", "color_message": "Finished server process [\u001b[36m%d\u001b[0m]"}
{"asctime": "2026-04-30T16:35:19", "msecs": 783.0, "levelname": "INFO", "correlation_id": "-", "name": "storeapi.main", "lineno": 18, "message": "Hello World"}
{"asctime": "2026-04-30T16:35:19", "msecs": 786.0, "levelname": "INFO", "correlation_id": "-", "name": "uvicorn.error", "lineno": 62, "message": "Application startup complete."}
{"asctime": "2026-04-30T16:35:20", "msecs": 798.0, "levelname": "INFO", "correlation_id": "-", "name": "uvicorn.error", "lineno": 264, "message": "Shutting down"}
{"asctime": "2026-04-30T16:35:20", "msecs": 904.0, "levelname": "INFO", "correlation_id": "-", "name": "uvicorn.error", "lineno": 67, "message": "Waiting for application shutdown."}
{"asctime": "2026-04-30T16:35:20", "msecs": 906.0, "levelname": "INFO", "correlation_id": "-", "name": "uvicorn.error", "lineno": 76, "message": "Application shutdown complete."}
{"asctime": "2026-04-30T16:35:20", "msecs": 908.0, "levelname": "INFO", "correlation_id": "-", "name": "uvicorn.error", "lineno": 94, "message": "Finished server process [5173]", "color_message": "Finished server process [\u001b[36m%d\u001b[0m]"}
{"asctime": "2026-04-30T16:35:21", "msecs": 278.0, "levelname": "INFO", "correlation_id": "-", "name": "storeapi.main", "lineno": 18, "message": "Hello World"}
{"asctime": "2026-04-30T16:35:21", "msecs": 282.0, "levelname": "INFO", "correlation_id": "-", "name": "uvicorn.error", "lineno": 62, "message": "Application startup complete."}
{"asctime": "2026-04-30T16:35:22", "msecs": 293.0, "levelname": "INFO", "correlation_id": "-", "name": "uvicorn.error", "lineno": 264, "message": "Shutting down"}
{"asctime": "2026-04-30T16:35:22", "msecs": 398.0, "levelname": "INFO", "correlation_id": "-", "name": "uvicorn.error", "lineno": 67, "message": "Waiting for application shutdown."}
{"asctime": "2026-04-30T16:35:22", "msecs": 403.0, "levelname": "INFO", "correlation_id": "-", "name": "uvicorn.error", "lineno": 76, "message": "Application shutdown complete."}
{"asctime": "2026-04-30T16:35:22", "msecs": 404.0, "levelname": "INFO", "correlation_id": "-", "name": "uvicorn.error", "lineno": 94, "message": "Finished server process [5182]", "color_message": "Finished server process [\u001b[36m%d\u001b[0m]"}
{"asctime": "2026-04-30T16:35:22", "msecs": 746.0, "levelname": "INFO", "correlation_id": "-", "name": "storeapi.main", "lineno": 18, "message": "Hello World"}
{"asctime": "2026-04-30T16:35:22", "msecs": 749.0, "levelname": "INFO", "correlation_id": "-", "name": "uvicorn.error", "lineno": 62, "message": "Application startup complete."}
{"asctime": "2026-04-30T16:35:24", "msecs": 773.0, "levelname": "INFO", "correlation_id": "-", "name": "uvicorn.error", "lineno": 264, "message": "Shutting down"}
{"asctime": "2026-04-30T16:35:24", "msecs": 878.0, "levelname": "INFO", "correlation_id": "-", "name": "uvicorn.error", "lineno": 67, "message": "Waiting for application shutdown."}
{"asctime": "2026-04-30T16:35:24", "msecs": 880.0, "levelname": "INFO", "correlation_id": "-", "name": "uvicorn.error", "lineno": 76, "message": "Application shutdown complete."}
{"asctime": "2026-04-30T16:35:24", "msecs": 881.0, "levelname": "INFO", "correlation_id": "-", "name": "uvicorn.error", "lineno": 94, "message": "Finished server process [5185]", "color_message": "Finished server process [\u001b[36m%d\u001b[0m]"}
{"asctime": "2026-04-30T16:35:25", "msecs": 210.0, "levelname": "INFO", "correlation_id": "-", "name": "storeapi.main", "lineno": 18, "message": "Hello World"}
{"asctime": "2026-04-30T16:35:25", "msecs": 213.0, "levelname": "INFO", "correlation_id": "-", "name": "uvicorn.error", "lineno": 62, "message": "Application startup complete."}
{"asctime": "2026-04-30T16:35:36", "msecs": 742.0, "levelname": "INFO", "correlation_id": "-", "name": "uvicorn.error", "lineno": 264, "message": "Shutting down"}
{"asctime": "2026-04-30T16:35:36", "msecs": 846.0, "levelname": "INFO", "correlation_id": "-", "name": "uvicorn.error", "lineno": 67, "message": "Waiting for application shutdown."}
{"asctime": "2026-04-30T16:35:36", "msecs": 847.0, "levelname": "INFO", "correlation_id": "-", "name": "uvicorn.error", "lineno": 76, "message": "Application shutdown complete."}
{"asctime": "2026-04-30T16:35:36", "msecs": 848.0, "levelname": "INFO", "correlation_id": "-", "name": "uvicorn.error", "lineno": 94, "message": "Finished server process [5204]", "color_message": "Finished server process [\u001b[36m%d\u001b[0m]"}
{"asctime": "2026-04-30T16:35:38", "msecs": 563.0, "levelname": "INFO", "correlation_id": "-", "name": "storeapi.main", "lineno": 18, "message": "Hello World"}
{"asctime": "2026-04-30T16:35:38", "msecs": 566.0, "levelname": "INFO", "correlation_id": "-", "name": "uvicorn.error", "lineno": 62, "message": "Application startup complete."}
{"asctime": "2026-04-30T16:35:42", "msecs": 513.0, "levelname": "INFO", "correlation_id": "-", "name": "uvicorn.error", "lineno": 264, "message": "Shutting down"}
{"asctime": "2026-04-30T16:35:42", "msecs": 619.0, "levelname": "INFO", "correlation_id": "-", "name": "uvicorn.error", "lineno": 67, "message": "Waiting for application shutdown."}
{"asctime": "2026-04-30T16:35:42", "msecs": 621.0, "levelname": "INFO", "correlation_id": "-", "name": "uvicorn.error", "lineno": 76, "message": "Application shutdown complete."}
{"asctime": "2026-04-30T16:35:42", "msecs": 622.0, "levelname": "INFO", "correlation_id": "-", "name": "uvicorn.error", "lineno": 94, "message": "Finished server process [5255]", "color_message": "Finished server process [\u001b[36m%d\u001b[0m]"}
{"asctime": "2026-04-30T16:35:42", "msecs": 952.0, "levelname": "INFO", "correlation_id": "-", "name": "storeapi.main", "lineno": 18, "message": "Hello World"}
{"asctime": "2026-04-30T16:35:42", "msecs": 957.0, "levelname": "INFO", "correlation_id": "-", "name": "uvicorn.error", "lineno": 62, "message": "Application startup complete."}
{"asctime": "2026-04-30T16:35:44", "msecs": 878.0, "levelname": "INFO", "correlation_id": "-", "name": "uvicorn.error", "lineno": 264, "message": "Shutting down"}
{"asctime": "2026-04-30T16:35:44", "msecs": 983.0, "levelname": "INFO", "correlation_id": "-", "name": "uvicorn.error", "lineno": 67, "message": "Waiting for application shutdown."}
{"asctime": "2026-04-30T16:35:44", "msecs": 984.0, "levelname": "INFO", "correlation_id": "-", "name": "uvicorn.error", "lineno": 76, "message": "Application shutdown complete."}
{"asctime": "2026-04-30T16:35:44", "msecs": 985.0, "levelname": "INFO", "correlation_id": "-", "name": "uvicorn.error", "lineno": 94, "message": "Finished server process [5270]", "color_message": "Finished server process [\u001b[36m%d\u001b[0m]"}
{"asctime": "2026-04-30T16:35:56", "msecs": 345.0, "levelname": "INFO", "correlation_id": "-", "name": "storeapi.main", "lineno": 18, "message": "Hello World"}
{"asctime": "2026-04-30T16:35:56", "msecs": 348.0, "levelname": "INFO", "correlation_id": "-", "name": "uvicorn.error", "lineno": 62, "message": "Application startup complete."}
{"asctime": "2026-04-30T16:36:00", "msecs": 593.0, "levelname": "INFO", "correlation_id": "-", "name": "uvicorn.error", "lineno": 264, "message": "Shutting down"}
{"asctime": "2026-04-30T16:36:00", "msecs": 699.0, "levelname": "INFO", "correlation_id": "-", "name": "uvicorn.error", "lineno": 67, "message": "Waiting for application shutdown."}
{"asctime": "2026-04-30T16:36:00", "msecs": 703.0, "levelname": "INFO", "correlation_id": "-", "name": "uvicorn.error", "lineno": 76, "message": "Application shutdown complete."}
{"asctime": "2026-04-30T16:36:00", "msecs": 704.0, "levelname": "INFO", "correlation_id": "-", "name": "uvicorn.error", "lineno": 94, "message": "Finished server process [5342]", "color_message": "Finished server process [\u001b[36m%d\u001b[0m]"}
{"asctime": "2026-04-30T16:36:01", "msecs": 46.0, "levelname": "INFO", "correlation_id": "-", "name": "storeapi.main", "lineno": 18, "message": "Hello World"}
{"asctime": "2026-04-30T16:36:01", "msecs": 49.0, "levelname": "INFO", "correlation_id": "-", "name": "uvicorn.error", "lineno": 62, "message": "Application startup complete."}
{"asctime": "2026-04-30T16:36:10", "msecs": 450.0, "levelname": "INFO", "correlation_id": "-", "name": "uvicorn.error", "lineno": 264, "message": "Shutting down"}
{"asctime": "2026-04-30T16:36:10", "msecs": 557.0, "levelname": "INFO", "correlation_id": "-", "name": "uvicorn.error", "lineno": 67, "message": "Waiting for application shutdown."}
{"asctime": "2026-04-30T16:36:10", "msecs": 562.0, "levelname": "INFO", "correlation_id": "-", "name": "uvicorn.error", "lineno": 76, "message": "Application shutdown complete."}
{"asctime": "2026-04-30T16:36:10", "msecs": 564.0, "levelname": "INFO", "correlation_id": "-", "name": "uvicorn.error", "lineno": 94, "message": "Finished server process [5364]", "color_message": "Finished server process [\u001b[36m%d\u001b[0m]"}
{"asctime": "2026-04-30T16:36:10", "msecs": 932.0, "levelname": "INFO", "correlation_id": "-", "name": "storeapi.main", "lineno": 18, "message": "Hello World"}
{"asctime": "2026-04-30T16:36:10", "msecs": 936.0, "levelname": "INFO", "correlation_id": "-", "name": "uvicorn.error", "lineno": 62, "message": "Application startup complete."}
{"asctime": "2026-04-30T16:36:18", "msecs": 517.0, "levelname": "INFO", "correlation_id": "-", "name": "uvicorn.error", "lineno": 264, "message": "Shutting down"}
{"asctime": "2026-04-30T16:36:18", "msecs": 620.0, "levelname": "INFO", "correlation_id": "-", "name": "uvicorn.error", "lineno": 67, "message": "Waiting for application shutdown."}
{"asctime": "2026-04-30T16:36:18", "msecs": 622.0, "levelname": "INFO", "correlation_id": "-", "name": "uvicorn.error", "lineno": 76, "message": "Application shutdown complete."}
{"asctime": "2026-04-30T16:36:18", "msecs": 623.0, "levelname": "INFO", "correlation_id": "-", "name": "uvicorn.error", "lineno": 94, "message": "Finished server process [5395]", "color_message": "Finished server process [\u001b[36m%d\u001b[0m]"}
{"asctime": "2026-04-30T16:37:05", "msecs": 353.0, "levelname": "INFO", "correlation_id": "-", "name": "storeapi.main", "lineno": 18, "message": "Hello World"}
{"asctime": "2026-04-30T16:37:05", "msecs": 357.0, "levelname": "INFO", "correlation_id": "-", "name": "uvicorn.error", "lineno": 62, "message": "Application startup complete."}
{"asctime": "2026-04-30T16:37:07", "msecs": 784.0, "levelname": "INFO", "correlation_id": "-", "name": "uvicorn.error", "lineno": 264, "message": "Shutting down"}
{"asctime": "2026-04-30T16:37:07", "msecs": 891.0, "levelname": "INFO", "correlation_id": "-", "name": "uvicorn.error", "lineno": 67, "message": "Waiting for application shutdown."}
{"asctime": "2026-04-30T16:37:07", "msecs": 895.0, "levelname": "INFO", "correlation_id": "-", "name": "uvicorn.error", "lineno": 76, "message": "Application shutdown complete."}
{"asctime": "2026-04-30T16:37:07", "msecs": 897.0, "levelname": "INFO", "correlation_id": "-", "name": "uvicorn.error", "lineno": 94, "message": "Finished server process [5617]", "color_message": "Finished server process [\u001b[36m%d\u001b[0m]"}
{"asctime": "2026-04-30T16:37:08", "msecs": 240.0, "levelname": "INFO", "correlation_id": "-", "name": "storeapi.main", "lineno": 18, "message": "Hello World"}
{"asctime": "2026-04-30T16:37:08", "msecs": 243.0, "levelname": "INFO", "correlation_id": "-", "name": "uvicorn.error", "lineno": 62, "message": "Application startup complete."}
{"asctime": "2026-04-30T16:37:10", "msecs": 364.0, "levelname": "INFO", "correlation_id": "-", "name": "uvicorn.error", "lineno": 264, "message": "Shutting down"}
{"asctime": "2026-04-30T16:37:10", "msecs": 469.0, "levelname": "INFO", "correlation_id": "-", "name": "uvicorn.error", "lineno": 67, "message": "Waiting for application shutdown."}
{"asctime": "2026-04-30T16:37:10", "msecs": 473.0, "levelname": "INFO", "correlation_id": "-", "name": "uvicorn.error", "lineno": 76, "message": "Application shutdown complete."}
{"asctime": "2026-04-30T16:37:10", "msecs": 475.0, "levelname": "INFO", "correlation_id": "-", "name": "uvicorn.error", "lineno": 94, "message": "Finished server process [5635]", "color_message": "Finished server process [\u001b[36m%d\u001b[0m]"}
{"asctime": "2026-04-30T16:37:11", "msecs": 943.0, "levelname": "INFO", "correlation_id": "-", "name": "storeapi.main", "lineno": 18, "message": "Hello World"}
{"asctime": "2026-04-30T16:37:11", "msecs": 947.0, "levelname": "INFO", "correlation_id": "-", "name": "uvicorn.error", "lineno": 62, "message": "Application startup complete."}
{"asctime": "2026-04-30T16:37:17", "msecs": 713.0, "levelname": "INFO", "correlation_id": "-", "name": "uvicorn.error", "lineno": 264, "message": "Shutting down"}
{"asctime": "2026-04-30T16:37:17", "msecs": 816.0, "levelname": "INFO", "correlation_id": "-", "name": "uvicorn.error", "lineno": 67, "message": "Waiting for application shutdown."}
{"asctime": "2026-04-30T16:37:17", "msecs": 818.0, "levelname": "INFO", "correlation_id": "-", "name": "uvicorn.error", "lineno": 76, "message": "Application shutdown complete."}
{"asctime": "2026-04-30T16:37:17", "msecs": 819.0, "levelname": "INFO", "correlation_id": "-", "name": "uvicorn.error", "lineno": 94, "message": "Finished server process [5650]", "color_message": "Finished server process [\u001b[36m%d\u001b[0m]"}
{"asctime": "2026-04-30T16:37:18", "msecs": 147.0, "levelname": "INFO", "correlation_id": "-", "name": "storeapi.main", "lineno": 18, "message": "Hello World"}
{"asctime": "2026-04-30T16:37:18", "msecs": 150.0, "levelname": "INFO", "correlation_id": "-", "name": "uvicorn.error", "lineno": 62, "message": "Application startup complete."}
{"asctime": "2026-04-30T16:37:20", "msecs": 882.0, "levelname": "INFO", "correlation_id": "-", "name": "uvicorn.error", "lineno": 264, "message": "Shutting down"}
{"asctime": "2026-04-30T16:37:20", "msecs": 986.0, "levelname": "INFO", "correlation_id": "-", "name": "uvicorn.error", "lineno": 67, "message": "Waiting for application shutdown."}
{"asctime": "2026-04-30T16:37:20", "msecs": 988.0, "levelname": "INFO", "correlation_id": "-", "name": "uvicorn.error", "lineno": 76, "message": "Application shutdown complete."}
{"asctime": "2026-04-30T16:37:20", "msecs": 989.0, "levelname": "INFO", "correlation_id": "-", "name": "uvicorn.error", "lineno": 94, "message": "Finished server process [5679]", "color_message": "Finished server process [\u001b[36m%d\u001b[0m]"}
{"asctime": "2026-04-30T16:37:21", "msecs": 374.0, "levelname": "INFO", "correlation_id": "-", "name": "storeapi.main", "lineno": 18, "message": "Hello World"}
{"asctime": "2026-04-30T16:37:21", "msecs": 378.0, "levelname": "INFO", "correlation_id": "-", "name": "uvicorn.error", "lineno": 62, "message": "Application startup complete."}
{"asctime": "2026-04-30T16:37:22", "msecs": 185.0, "levelname": "INFO", "correlation_id": "-", "name": "uvicorn.error", "lineno": 264, "message": "Shutting down"}
{"asctime": "2026-04-30T16:37:22", "msecs": 289.0, "levelname": "INFO", "correlation_id": "-", "name": "uvicorn.error", "lineno": 67, "message": "Waiting for application shutdown."}
{"asctime": "2026-04-30T16:37:22", "msecs": 292.0, "levelname": "INFO", "correlation_id": "-", "name": "uvicorn.error", "lineno": 76, "message": "Application shutdown complete."}
{"asctime": "2026-04-30T16:37:22", "msecs": 293.0, "levelname": "INFO", "correlation_id": "-", "name": "uvicorn.error", "lineno": 94, "message": "Finished server process [5689]", "color_message": "Finished server process [\u001b[36m%d\u001b[0m]"}
{"asctime": "2026-04-30T16:37:22", "msecs": 623.0, "levelname": "INFO", "correlation_id": "-", "name": "storeapi.main", "lineno": 18, "message": "Hello World"}
{"asctime": "2026-04-30T16:37:22", "msecs": 627.0, "levelname": "INFO", "correlation_id": "-", "name": "uvicorn.error", "lineno": 62, "message": "Application startup complete."}
{"asctime": "2026-04-30T16:37:28", "msecs": 589.0, "levelname": "INFO", "correlation_id": "-", "name": "uvicorn.error", "lineno": 264, "message": "Shutting down"}
{"asctime": "2026-04-30T16:37:28", "msecs": 695.0, "levelname": "INFO", "correlation_id": "-", "name": "uvicorn.error", "lineno": 67, "message": "Waiting for application shutdown."}
{"asctime": "2026-04-30T16:37:28", "msecs": 698.0, "levelname": "INFO", "correlation_id": "-", "name": "uvicorn.error", "lineno": 76, "message": "Application shutdown complete."}
{"asctime": "2026-04-30T16:37:28", "msecs": 699.0, "levelname": "INFO", "correlation_id": "-", "name": "uvicorn.error", "lineno": 94, "message": "Finished server process [5700]", "color_message": "Finished server process [\u001b[36m%d\u001b[0m]"}
{"asctime": "2026-04-30T16:37:29", "msecs": 39.0, "levelname": "INFO", "correlation_id": "-", "name": "storeapi.main", "lineno": 18, "message": "Hello World"}
{"asctime": "2026-04-30T16:37:29", "msecs": 42.0, "levelname": "INFO", "correlation_id": "-", "name": "uvicorn.error", "lineno": 62, "message": "Application startup complete."}
{"asctime": "2026-04-30T16:37:32", "msecs": 481.0, "levelname": "INFO", "correlation_id": "-", "name": "uvicorn.error", "lineno": 264, "message": "Shutting down"}
{"asctime": "2026-04-30T16:37:32", "msecs": 586.0, "levelname": "INFO", "correlation_id": "-", "name": "uvicorn.error", "lineno": 67, "message": "Waiting for application shutdown."}
{"asctime": "2026-04-30T16:37:32", "msecs": 588.0, "levelname": "INFO", "correlation_id": "-", "name": "uvicorn.error", "lineno": 76, "message": "Application shutdown complete."}
{"asctime": "2026-04-30T16:37:32", "msecs": 589.0, "levelname": "INFO", "correlation_id": "-", "name": "uvicorn.error", "lineno": 94, "message": "Finished server process [5727]", "color_message": "Finished server process [\u001b[36m%d\u001b[0m]"}
{"asctime": "2026-04-30T16:37:32", "msecs": 917.0, "levelname": "INFO", "correlation_id": "-", "name": "storeapi.main", "lineno": 18, "message": "Hello World"}
{"asctime": "2026-04-30T16:37:32", "msecs": 921.0, "levelname": "INFO", "correlation_id": "-", "name": "uvicorn.error", "lineno": 62, "message": "Application startup complete."}
{"asctime": "2026-04-30T16:37:44", "msecs": 46.0, "levelname": "INFO", "correlation_id": "-", "name": "uvicorn.error", "lineno": 264, "message": "Shutting down"}
{"asctime": "2026-04-30T16:37:44", "msecs": 162.0, "levelname": "INFO", "correlation_id": "-", "name": "uvicorn.error", "lineno": 67, "message": "Waiting for application shutdown."}
{"asctime": "2026-04-30T16:37:44", "msecs": 165.0, "levelname": "INFO", "correlation_id": "-", "name": "uvicorn.error", "lineno": 76, "message": "Application shutdown complete."}
{"asctime": "2026-04-30T16:37:44", "msecs": 167.0, "levelname": "INFO", "correlation_id": "-", "name": "uvicorn.error", "lineno": 94, "message": "Finished server process [5744]", "color_message": "Finished server process [\u001b[36m%d\u001b[0m]"}
{"asctime": "2026-04-30T16:37:44", "msecs": 672.0, "levelname": "INFO", "correlation_id": "-", "name": "storeapi.main", "lineno": 18, "message": "Hello World"}
{"asctime": "2026-04-30T16:37:44", "msecs": 676.0, "levelname": "INFO", "correlation_id": "-", "name": "uvicorn.error", "lineno": 62, "message": "Application startup complete."}
{"asctime": "2026-04-30T16:37:46", "msecs": 194.0, "levelname": "INFO", "correlation_id": "-", "name": "uvicorn.error", "lineno": 264, "message": "Shutting down"}
{"asctime": "2026-04-30T16:37:46", "msecs": 299.0, "levelname": "INFO", "correlation_id": "-", "name": "uvicorn.error", "lineno": 67, "message": "Waiting for application shutdown."}
{"asctime": "2026-04-30T16:37:46", "msecs": 303.0, "levelname": "INFO", "correlation_id": "-", "name": "uvicorn.error", "lineno": 76, "message": "Application shutdown complete."}
{"asctime": "2026-04-30T16:37:46", "msecs": 305.0, "levelname": "INFO", "correlation_id": "-", "name": "uvicorn.error", "lineno": 94, "message": "Finished server process [5784]", "color_message": "Finished server process [\u001b[36m%d\u001b[0m]"}
{"asctime": "2026-04-30T16:37:46", "msecs": 670.0, "levelname": "INFO", "correlation_id": "-", "name": "storeapi.main", "lineno": 18, "message": "Hello World"}
{"asctime": "2026-04-30T16:37:46", "msecs": 674.0, "levelname": "INFO", "correlation_id": "-", "name": "uvicorn.error", "lineno": 62, "message": "Application startup complete."}
{"asctime": "2026-04-30T16:37:50", "msecs": 312.0, "levelname": "INFO", "correlation_id": "-", "name": "uvicorn.error", "lineno": 264, "message": "Shutting down"}
{"asctime": "2026-04-30T16:37:50", "msecs": 419.0, "levelname": "INFO", "correlation_id": "-", "name": "uvicorn.error", "lineno": 67, "message": "Waiting for application shutdown."}
{"asctime": "2026-04-30T16:37:50", "msecs": 421.0, "levelname": "INFO", "correlation_id": "-", "name": "uvicorn.error", "lineno": 76, "message": "Application shutdown complete."}
{"asctime": "2026-04-30T16:37:50", "msecs": 422.0, "levelname": "INFO", "correlation_id": "-", "name": "uvicorn.error", "lineno": 94, "message": "Finished server process [5796]", "color_message": "Finished server process [\u001b[36m%d\u001b[0m]"}
{"asctime": "2026-04-30T16:37:50", "msecs": 751.0, "levelname": "INFO", "correlation_id": "-", "name": "storeapi.main", "lineno": 18, "message": "Hello World"}
{"asctime": "2026-04-30T16:37:50", "msecs": 754.0, "levelname": "INFO", "correlation_id": "-", "name": "uvicorn.error", "lineno": 62, "message": "Application startup complete."}
{"asctime": "2026-04-30T16:37:52", "msecs": 371.0, "levelname": "INFO", "correlation_id": "-", "name": "uvicorn.error", "lineno": 264, "message": "Shutting down"}
{"asctime": "2026-04-30T16:37:52", "msecs": 476.0, "levelname": "INFO", "correlation_id": "-", "name": "uvicorn.error", "lineno": 67, "message": "Waiting for application shutdown."}
{"asctime": "2026-04-30T16:37:52", "msecs": 480.0, "levelname": "INFO", "correlation_id": "-", "name": "uvicorn.error", "lineno": 76, "message": "Application shutdown complete."}
{"asctime": "2026-04-30T16:37:52", "msecs": 482.0, "levelname": "INFO", "correlation_id": "-", "name": "uvicorn.error", "lineno": 94, "message": "Finished server process [5817]", "color_message": "Finished server process [\u001b[36m%d\u001b[0m]"}
{"asctime": "2026-04-30T16:37:52", "msecs": 817.0, "levelname": "INFO", "correlation_id": "-", "name": "storeapi.main", "lineno": 18, "message": "Hello World"}
{"asctime": "2026-04-30T16:37:52", "msecs": 820.0, "levelname": "INFO", "correlation_id": "-", "name": "uvicorn.error", "lineno": 62, "message": "Application startup complete."}
{"asctime": "2026-04-30T16:38:00", "msecs": 300.0, "levelname": "INFO", "correlation_id": "-", "name": "uvicorn.error", "lineno": 264, "message": "Shutting down"}
{"asctime": "2026-04-30T16:38:00", "msecs": 404.0, "levelname": "INFO", "correlation_id": "-", "name": "uvicorn.error", "lineno": 67, "message": "Waiting for application shutdown."}
{"asctime": "2026-04-30T16:38:00", "msecs": 405.0, "levelname": "INFO", "correlation_id": "-", "name": "uvicorn.error", "lineno": 76, "message": "Application shutdown complete."}
{"asctime": "2026-04-30T16:38:00", "msecs": 406.0, "levelname": "INFO", "correlation_id": "-", "name": "uvicorn.error", "lineno": 94, "message": "Finished server process [5828]", "color_message": "Finished server process [\u001b[36m%d\u001b[0m]"}
{"asctime": "2026-04-30T16:38:00", "msecs": 752.0, "levelname": "INFO", "correlation_id": "-", "name": "storeapi.main", "lineno": 18, "message": "Hello World"}
{"asctime": "2026-04-30T16:38:00", "msecs": 755.0, "levelname": "INFO", "correlation_id": "-", "name": "uvicorn.error", "lineno": 62, "message": "Application startup complete."}
{"asctime": "2026-04-30T16:38:03", "msecs": 584.0, "levelname": "INFO", "correlation_id": "-", "name": "uvicorn.error", "lineno": 264, "message": "Shutting down"}
{"asctime": "2026-04-30T16:38:03", "msecs": 689.0, "levelname": "INFO", "correlation_id": "-", "name": "uvicorn.error", "lineno": 67, "message": "Waiting for application shutdown."}
{"asctime": "2026-04-30T16:38:03", "msecs": 693.0, "levelname": "INFO", "correlation_id": "-", "name": "uvicorn.error", "lineno": 76, "message": "Application shutdown complete."}
{"asctime": "2026-04-30T16:38:03", "msecs": 695.0, "levelname": "INFO", "correlation_id": "-", "name": "uvicorn.error", "lineno": 94, "message": "Finished server process [5862]", "color_message": "Finished server process [\u001b[36m%d\u001b[0m]"}
{"asctime": "2026-04-30T16:38:07", "msecs": 287.0, "levelname": "INFO", "correlation_id": "-", "name": "storeapi.main", "lineno": 18, "message": "Hello World"}
{"asctime": "2026-04-30T16:38:07", "msecs": 290.0, "levelname": "INFO", "correlation_id": "-", "name": "uvicorn.error", "lineno": 62, "message": "Application startup complete."}
{"asctime": "2026-04-30T16:38:11", "msecs": 334.0, "levelname": "INFO", "correlation_id": "-", "name": "uvicorn.error", "lineno": 264, "message": "Shutting down"}
{"asctime": "2026-04-30T16:38:11", "msecs": 437.0, "levelname": "INFO", "correlation_id": "-", "name": "uvicorn.error", "lineno": 67, "message": "Waiting for application shutdown."}
{"asctime": "2026-04-30T16:38:11", "msecs": 440.0, "levelname": "INFO", "correlation_id": "-", "name": "uvicorn.error", "lineno": 76, "message": "Application shutdown complete."}
{"asctime": "2026-04-30T16:38:11", "msecs": 441.0, "levelname": "INFO", "correlation_id": "-", "name": "uvicorn.error", "lineno": 94, "message": "Finished server process [5893]", "color_message": "Finished server process [\u001b[36m%d\u001b[0m]"}
{"asctime": "2026-04-30T16:38:12", "msecs": 952.0, "levelname": "INFO", "correlation_id": "-", "name": "storeapi.main", "lineno": 18, "message": "Hello World"}
{"asctime": "2026-04-30T16:38:12", "msecs": 955.0, "levelname": "INFO", "correlation_id": "-", "name": "uvicorn.error", "lineno": 62, "message": "Application startup complete."}
{"asctime": "2026-04-30T16:38:20", "msecs": 138.0, "levelname": "INFO", "correlation_id": "-", "name": "uvicorn.error", "lineno": 264, "message": "Shutting down"}
{"asctime": "2026-04-30T16:38:20", "msecs": 244.0, "levelname": "INFO", "correlation_id": "-", "name": "uvicorn.error", "lineno": 67, "message": "Waiting for application shutdown."}
{"asctime": "2026-04-30T16:38:20", "msecs": 248.0, "levelname": "INFO", "correlation_id": "-", "name": "uvicorn.error", "lineno": 76, "message": "Application shutdown complete."}
{"asctime": "2026-04-30T16:38:20", "msecs": 250.0, "levelname": "INFO", "correlation_id": "-", "name": "uvicorn.error", "lineno": 94, "message": "Finished server process [5921]", "color_message": "Finished server process [\u001b[36m%d\u001b[0m]"}
{"asctime": "2026-04-30T16:38:20", "msecs": 593.0, "levelname": "INFO", "correlation_id": "-", "name": "storeapi.main", "lineno": 18, "message": "Hello World"}
{"asctime": "2026-04-30T16:38:20", "msecs": 596.0, "levelname": "INFO", "correlation_id": "-", "name": "uvicorn.error", "lineno": 62, "message": "Application startup complete."}
{"asctime": "2026-04-30T16:38:23", "msecs": 126.0, "levelname": "INFO", "correlation_id": "-", "name": "uvicorn.error", "lineno": 264, "message": "Shutting down"}
{"asctime": "2026-04-30T16:38:23", "msecs": 230.0, "levelname": "INFO", "correlation_id": "-", "name": "uvicorn.error", "lineno": 67, "message": "Waiting for application shutdown."}
{"asctime": "2026-04-30T16:38:23", "msecs": 232.0, "levelname": "INFO", "correlation_id": "-", "name": "uvicorn.error", "lineno": 76, "message": "Application shutdown complete."}
{"asctime": "2026-04-30T16:38:23", "msecs": 234.0, "levelname": "INFO", "correlation_id": "-", "name": "uvicorn.error", "lineno": 94, "message": "Finished server process [5952]", "color_message": "Finished server process [\u001b[36m%d\u001b[0m]"}
{"asctime": "2026-04-30T16:38:23", "msecs": 579.0, "levelname": "INFO", "correlation_id": "-", "name": "storeapi.main", "lineno": 18, "message": "Hello World"}
{"asctime": "2026-04-30T16:38:23", "msecs": 582.0, "levelname": "INFO", "correlation_id": "-", "name": "uvicorn.error", "lineno": 62, "message": "Application startup complete."}
{"asctime": "2026-04-30T16:38:29", "msecs": 345.0, "levelname": "INFO", "correlation_id": "-", "name": "uvicorn.error", "lineno": 264, "message": "Shutting down"}
{"asctime": "2026-04-30T16:38:29", "msecs": 449.0, "levelname": "INFO", "correlation_id": "-", "name": "uvicorn.error", "lineno": 67, "message": "Waiting for application shutdown."}
{"asctime": "2026-04-30T16:38:29", "msecs": 451.0, "levelname": "INFO", "correlation_id": "-", "name": "uvicorn.error", "lineno": 76, "message": "Application shutdown complete."}
{"asctime": "2026-04-30T16:38:29", "msecs": 452.0, "levelname": "INFO", "correlation_id": "-", "name": "uvicorn.error", "lineno": 94, "message": "Finished server process [5965]", "color_message": "Finished server process [\u001b[36m%d\u001b[0m]"}
{"asctime": "2026-04-30T16:38:31", "msecs": 974.0, "levelname": "INFO", "correlation_id": "-", "name": "storeapi.main", "lineno": 18, "message": "Hello World"}
{"asctime": "2026-04-30T16:38:31", "msecs": 978.0, "levelname": "INFO", "correlation_id": "-", "name": "uvicorn.error", "lineno": 62, "message": "Application startup complete."}
{"asctime": "2026-04-30T16:38:33", "msecs": 797.0, "levelname": "INFO", "correlation_id": "-", "name": "uvicorn.error", "lineno": 264, "message": "Shutting down"}
{"asctime": "2026-04-30T16:38:33", "msecs": 900.0, "levelname": "INFO", "correlation_id": "-", "name": "uvicorn.error", "lineno": 67, "message": "Waiting for application shutdown."}
{"asctime": "2026-04-30T16:38:33", "msecs": 901.0, "levelname": "INFO", "correlation_id": "-", "name": "uvicorn.error", "lineno": 76, "message": "Application shutdown complete."}
{"asctime": "2026-04-30T16:38:33", "msecs": 901.0, "levelname": "INFO", "correlation_id": "-", "name": "uvicorn.error", "lineno": 94, "message": "Finished server process [6001]", "color_message": "Finished server process [\u001b[36m%d\u001b[0m]"}
{"asctime": "2026-04-30T16:38:34", "msecs": 215.0, "levelname": "INFO", "correlation_id": "-", "name": "storeapi.main", "lineno": 18, "message": "Hello World"}
{"asctime": "2026-04-30T16:38:34", "msecs": 219.0, "levelname": "INFO", "correlation_id": "-", "name": "uvicorn.error", "lineno": 62, "message": "Application startup complete."}
{"asctime": "2026-04-30T16:38:34", "msecs": 927.0, "levelname": "INFO", "correlation_id": "-", "name": "uvicorn.error", "lineno": 264, "message": "Shutting down"}
{"asctime": "2026-04-30T16:38:35", "msecs": 31.0, "levelname": "INFO", "correlation_id": "-", "name": "uvicorn.error", "lineno": 67, "message": "Waiting for application shutdown."}
{"asctime": "2026-04-30T16:38:35", "msecs": 33.0, "levelname": "INFO", "correlation_id": "-", "name": "uvicorn.error", "lineno": 76, "message": "Application shutdown complete."}
{"asctime": "2026-04-30T16:38:35", "msecs": 34.0, "levelname": "INFO", "correlation_id": "-", "name": "uvicorn.error", "lineno": 94, "message": "Finished server process [6014]", "color_message": "Finished server process [\u001b[36m%d\u001b[0m]"}
{"asctime": "2026-04-30T16:38:35", "msecs": 389.0, "levelname": "INFO", "correlation_id": "-", "name": "storeapi.main", "lineno": 18, "message": "Hello World"}
{"asctime": "2026-04-30T16:38:35", "msecs": 394.0, "levelname": "INFO", "correlation_id": "-", "name": "uvicorn.error", "lineno": 62, "message": "Application startup complete."}
{"asctime": "2026-04-30T16:38:37", "msecs": 719.0, "levelname": "INFO", "correlation_id": "-", "name": "uvicorn.error", "lineno": 264, "message": "Shutting down"}
{"asctime": "2026-04-30T16:38:37", "msecs": 823.0, "levelname": "INFO", "correlation_id": "-", "name": "uvicorn.error", "lineno": 67, "message": "Waiting for application shutdown."}
{"asctime": "2026-04-30T16:38:37", "msecs": 826.0, "levelname": "INFO", "correlation_id": "-", "name": "uvicorn.error", "lineno": 76, "message": "Application shutdown complete."}
{"asctime": "2026-04-30T16:38:37", "msecs": 828.0, "levelname": "INFO", "correlation_id": "-", "name": "uvicorn.error", "lineno": 94, "message": "Finished server process [6018]", "color_message": "Finished server process [\u001b[36m%d\u001b[0m]"}
{"asctime": "2026-04-30T16:38:38", "msecs": 165.0, "levelname": "INFO", "correlation_id": "-", "name": "storeapi.main", "lineno": 18, "message": "Hello World"}
{"asctime": "2026-04-30T16:38:38", "msecs": 168.0, "levelname": "INFO", "correlation_id": "-", "name": "uvicorn.error", "lineno": 62, "message": "Application startup complete."}
{"asctime": "2026-04-30T16:38:40", "msecs": 493.0, "levelname": "INFO", "correlation_id": "-", "name": "uvicorn.error", "lineno": 264, "message": "Shutting down"}
{"asctime": "2026-04-30T16:38:40", "msecs": 599.0, "levelname": "INFO", "correlation_id": "-", "name": "uvicorn.error", "lineno": 67, "message": "Waiting for application shutdown."}
{"asctime": "2026-04-30T16:38:40", "msecs": 604.0, "levelname": "INFO", "correlation_id": "-", "name": "uvicorn.error", "lineno": 76, "message": "Application shutdown complete."}
{"asctime": "2026-04-30T16:38:40", "msecs": 606.0, "levelname": "INFO", "correlation_id": "-", "name": "uvicorn.error", "lineno": 94, "message": "Finished server process [6033]", "color_message": "Finished server process [\u001b[36m%d\u001b[0m]"}
{"asctime": "2026-04-30T16:38:44", "msecs": 562.0, "levelname": "INFO", "correlation_id": "-", "name": "storeapi.main", "lineno": 18, "message": "Hello World"}
{"asctime": "2026-04-30T16:38:44", "msecs": 565.0, "levelname": "INFO", "correlation_id": "-", "name": "uvicorn.error", "lineno": 62, "message": "Application startup complete."}
{"asctime": "2026-04-30T16:38:46", "msecs": 281.0, "levelname": "INFO", "correlation_id": "-", "name": "uvicorn.error", "lineno": 264, "message": "Shutting down"}
{"asctime": "2026-04-30T16:38:46", "msecs": 383.0, "levelname": "INFO", "correlation_id": "-", "name": "uvicorn.error", "lineno": 67, "message": "Waiting for application shutdown."}
{"asctime": "2026-04-30T16:38:46", "msecs": 385.0, "levelname": "INFO", "correlation_id": "-", "name": "uvicorn.error", "lineno": 76, "message": "Application shutdown complete."}
{"asctime": "2026-04-30T16:38:46", "msecs": 387.0, "levelname": "INFO", "correlation_id": "-", "name": "uvicorn.error", "lineno": 94, "message": "Finished server process [6065]", "color_message": "Finished server process [\u001b[36m%d\u001b[0m]"}
{"asctime": "2026-04-30T16:38:46", "msecs": 717.0, "levelname": "INFO", "correlation_id": "-", "name": "storeapi.main", "lineno": 18, "message": "Hello World"}
{"asctime": "2026-04-30T16:38:46", "msecs": 720.0, "levelname": "INFO", "correlation_id": "-", "name": "uvicorn.error", "lineno": 62, "message": "Application startup complete."}
{"asctime": "2026-04-30T16:38:56", "msecs": 333.0, "levelname": "INFO", "correlation_id": "-", "name": "uvicorn.error", "lineno": 264, "message": "Shutting down"}
{"asctime": "2026-04-30T16:38:56", "msecs": 437.0, "levelname": "INFO", "correlation_id": "-", "name": "uvicorn.error", "lineno": 67, "message": "Waiting for application shutdown."}
{"asctime": "2026-04-30T16:38:56", "msecs": 439.0, "levelname": "INFO", "correlation_id": "-", "name": "uvicorn.error", "lineno": 76, "message": "Application shutdown complete."}
{"asctime": "2026-04-30T16:38:56", "msecs": 439.0, "levelname": "INFO", "correlation_id": "-", "name": "uvicorn.error", "lineno": 94, "message": "Finished server process [6072]", "color_message": "Finished server process [\u001b[36m%d\u001b[0m]"}
{"asctime": "2026-04-30T16:38:58", "msecs": 340.0, "levelname": "INFO", "correlation_id": "-", "name": "storeapi.main", "lineno": 18, "message": "Hello World"}
{"asctime": "2026-04-30T16:38:58", "msecs": 345.0, "levelname": "INFO", "correlation_id": "-", "name": "uvicorn.error", "lineno": 62, "message": "Application startup complete."}
{"asctime": "2026-04-30T16:38:59", "msecs": 153.0, "levelname": "INFO", "correlation_id": "-", "name": "uvicorn.error", "lineno": 264, "message": "Shutting down"}
{"asctime": "2026-04-30T16:38:59", "msecs": 255.0, "levelname": "INFO", "correlation_id": "-", "name": "uvicorn.error", "lineno": 67, "message": "Waiting for application shutdown."}
{"asctime": "2026-04-30T16:38:59", "msecs": 256.0, "levelname": "INFO", "correlation_id": "-", "name": "uvicorn.error", "lineno": 76, "message": "Application shutdown complete."}
{"asctime": "2026-04-30T16:38:59", "msecs": 257.0, "levelname": "INFO", "correlation_id": "-", "name": "uvicorn.error", "lineno": 94, "message": "Finished server process [6132]", "color_message": "Finished server process [\u001b[36m%d\u001b[0m]"}
{"asctime": "2026-04-30T16:38:59", "msecs": 605.0, "levelname": "INFO", "correlation_id": "-", "name": "storeapi.main", "lineno": 18, "message": "Hello World"}
{"asctime": "2026-04-30T16:38:59", "msecs": 608.0, "levelname": "INFO", "correlation_id": "-", "name": "uvicorn.error", "lineno": 62, "message": "Application startup complete."}
{"asctime": "2026-04-30T16:39:01", "msecs": 731.0, "levelname": "INFO", "correlation_id": "-", "name": "uvicorn.error", "lineno": 264, "message": "Shutting down"}
{"asctime": "2026-04-30T16:39:01", "msecs": 836.0, "levelname": "INFO", "correlation_id": "-", "name": "uvicorn.error", "lineno": 67, "message": "Waiting for application shutdown."}
{"asctime": "2026-04-30T16:39:01", "msecs": 841.0, "levelname": "INFO", "correlation_id": "-", "name": "uvicorn.error", "lineno": 76, "message": "Application shutdown complete."}
{"asctime": "2026-04-30T16:39:01", "msecs": 843.0, "levelname": "INFO", "correlation_id": "-", "name": "uvicorn.error", "lineno": 94, "message": "Finished server process [6140]", "color_message": "Finished server process [\u001b[36m%d\u001b[0m]"}
{"asctime": "2026-04-30T16:39:02", "msecs": 182.0, "levelname": "INFO", "correlation_id": "-", "name": "storeapi.main", "lineno": 18, "message": "Hello World"}
{"asctime": "2026-04-30T16:39:02", "msecs": 185.0, "levelname": "INFO", "correlation_id": "-", "name": "uvicorn.error", "lineno": 62, "message": "Application startup complete."}
{"asctime": "2026-04-30T16:39:21", "msecs": 797.0, "levelname": "INFO", "correlation_id": "-", "name": "uvicorn.error", "lineno": 264, "message": "Shutting down"}
{"asctime": "2026-04-30T16:39:21", "msecs": 905.0, "levelname": "INFO", "correlation_id": "-", "name": "uvicorn.error", "lineno": 67, "message": "Waiting for application shutdown."}
{"asctime": "2026-04-30T16:39:21", "msecs": 908.0, "levelname": "INFO", "correlation_id": "-", "name": "uvicorn.error", "lineno": 76, "message": "Application shutdown complete."}
{"asctime": "2026-04-30T16:39:21", "msecs": 910.0, "levelname": "INFO", "correlation_id": "-", "name": "uvicorn.error", "lineno": 94, "message": "Finished server process [6145]", "color_message": "Finished server process [\u001b[36m%d\u001b[0m]"}
{"asctime": "2026-04-30T16:39:22", "msecs": 355.0, "levelname": "INFO", "correlation_id": "-", "name": "storeapi.main", "lineno": 18, "message": "Hello World"}
{"asctime": "2026-04-30T16:39:22", "msecs": 358.0, "levelname": "INFO", "correlation_id": "-", "name": "uvicorn.error", "lineno": 62, "message": "Application startup complete."}
{"asctime": "2026-04-30T16:41:59", "msecs": 195.0, "levelname": "INFO", "correlation_id": "-", "name": "uvicorn.error", "lineno": 264, "message": "Shutting down"}
{"asctime": "2026-04-30T16:41:59", "msecs": 302.0, "levelname": "INFO", "correlation_id": "-", "name": "uvicorn.error", "lineno": 67, "message": "Waiting for application shutdown."}
{"asctime": "2026-04-30T16:41:59", "msecs": 306.0, "levelname": "INFO", "correlation_id": "-", "name": "uvicorn.error", "lineno": 76, "message": "Application shutdown complete."}
{"asctime": "2026-04-30T16:41:59", "msecs": 308.0, "levelname": "INFO", "correlation_id": "-", "name": "uvicorn.error", "lineno": 94, "message": "Finished server process [6218]", "color_message": "Finished server process [\u001b[36m%d\u001b[0m]"}
{"asctime": "2026-04-30T16:42:15", "msecs": 428.0, "levelname": "INFO", "correlation_id": "-", "name": "storeapi.main", "lineno": 18, "message": "Hello World"}
{"asctime": "2026-04-30T16:42:15", "msecs": 432.0, "levelname": "INFO", "correlation_id": "-", "name": "uvicorn.error", "lineno": 62, "message": "Application startup complete."}
{"asctime": "2026-04-30T16:42:17", "msecs": 657.0, "levelname": "INFO", "correlation_id": "-", "name": "uvicorn.error", "lineno": 264, "message": "Shutting down"}
{"asctime": "2026-04-30T16:42:17", "msecs": 762.0, "levelname": "INFO", "correlation_id": "-", "name": "uvicorn.error", "lineno": 67, "message": "Waiting for application shutdown."}
{"asctime": "2026-04-30T16:42:17", "msecs": 767.0, "levelname": "INFO", "correlation_id": "-", "name": "uvicorn.error", "lineno": 76, "message": "Application shutdown complete."}
{"asctime": "2026-04-30T16:42:17", "msecs": 768.0, "levelname": "INFO", "correlation_id": "-", "name": "uvicorn.error", "lineno": 94, "message": "Finished server process [6784]", "color_message": "Finished server process [\u001b[36m%d\u001b[0m]"}
{"asctime": "2026-04-30T17:21:35", "msecs": 96.0, "levelname": "INFO", "correlation_id": "-", "name": "storeapi.main", "lineno": 18, "message": "Hello World"}
{"asctime": "2026-04-30T17:21:35", "msecs": 102.0, "levelname": "INFO", "correlation_id": "-", "name": "uvicorn.error", "lineno": 62, "message": "Application startup complete."}
{"asctime": "2026-04-30T17:21:47", "msecs": 433.0, "levelname": "INFO", "correlation_id": "-", "name": "uvicorn.error", "lineno": 264, "message": "Shutting down"}
{"asctime": "2026-04-30T17:21:47", "msecs": 541.0, "levelname": "INFO", "correlation_id": "-", "name": "uvicorn.error", "lineno": 67, "message": "Waiting for application shutdown."}
{"asctime": "2026-04-30T17:21:47", "msecs": 544.0, "levelname": "INFO", "correlation_id": "-", "name": "uvicorn.error", "lineno": 76, "message": "Application shutdown complete."}
{"asctime": "2026-04-30T17:21:47", "msecs": 546.0, "levelname": "INFO", "correlation_id": "-", "name": "uvicorn.error", "lineno": 94, "message": "Finished server process [15187]", "color_message": "Finished server process [\u001b[36m%d\u001b[0m]"}
